Book,Chapter,Page,Location,Character - Name,To Whom,Male=1,Female=0,Creature=1,Theme,Notes,,,,,,,,,,,,,,,
Harry Potter & the Sorcerer's Stone,1,"6, 7",Privet Drive,Mr. Dursley,Mrs. Dursley,1,,0,,,,,,,,,,,,,,,,,
Harry Potter & the Sorcerer's Stone,1,"6, 7",Privet Drive,Mrs. Dursley,Mr. Dursley,0,.,0,,,,,,,,,,,,,,,,,
Harry Potter & the Sorcerer's Stone,1,9,Privet Drive,Albus Dumbledore,Professor McGonagall,1,,0,,,,,,,,,,,,,,,,,
Harry Potter & the Sorcerer's Stone,1,"9, 15",Privet Drive,Professor McGonagall,Albus Dumbledore,0,.,0,,,,,,,,,,,,,,,,,
Harry Potter & the Sorcerer's Stone,1,"14, 15",Privet Drive,Rubeus Hagrid,Albus Dumbledore,1,,0,,,,,,,,,,,,,,,,,
Harry Potter & the Sorcerer's Stone,1,"14, 15",Privet Drive,Albus Dumbledore,Rubeus Hagrid,1,,0,,,,,,,,,,,,,,,,,
Harry Potter & the Sorcerer's Stone,1,15,Privet Drive,Professor McGonagall,Rubeus Hagrid,0,.,0,,,,,,,,,,,,,,,,,
Harry Potter & the Sorcerer's Stone,2,"19, 20, 25",Privet Drive,Petunia Dursley,Harry Potter,0,.,0,,,,,,,,,,,,,,,,,
Harry Potter & the Sorcerer's Stone,2,"19, 25",Privet Drive,Harry Potter,Petunia Dursley,1,,0,,,,,,,,,,,,,,,,,
Harry Potter & the Sorcerer's Stone,2,"20, 25",Privet Drive,Vernon Dursely,Harry Potter,1,,0,,,,,,,,,,,,,,,,,
Harry Potter & the Sorcerer's Stone,2,"21, 25",Privet Drive,Dudley Dursley,Petunia Dursley,1,,0,,,,,,,,,,,,,,,,,
Harry Potter & the Sorcerer's Stone,2,21,Privet Drive,Petunia Dursley,Dudley Dursley,0,.,0,,,,,,,,,,,,,,,,,
Harry Potter & the Sorcerer's Stone,2,22,Privet Drive,Vernon Dursely,Dudley Dursley,1,,0,,,,,,,,,,,,,,,,,
Harry Potter & the Sorcerer's Stone,2,22,Privet Drive,Vernon Dursely,Petunia Dursley,1,,0,,,,,,,,,,,,,,,,,
Harry Potter & the Sorcerer's Stone,2,"22, 23",Privet Drive,Petunia Dursley,Vernon Dursely,0,.,0,,,,,,,,,,,,,,,,,
Harry Potter & the Sorcerer's Stone,2,"25, 26",Zoo,Harry Potter,Vernon Dursely,1,,0,,,,,,,,,,,,,,,,,
Harry Potter & the Sorcerer's Stone,2,27,Zoo,Dudley Dursley,Vernon Dursely,1,,0,,,,,,,,,,,,,,,,,
Harry Potter & the Sorcerer's Stone,2,"27, 28",Zoo,Snake,Harry Potter,0,,1,,,,,,,,,,,,,,,,,
Harry Potter & the Sorcerer's Stone,2,28,Zoo,Harry Potter,Snake,1,,0,,,,,,,,,,,,,,,,,
Harry Potter & the Sorcerer's Stone,3,"32, 40",Privet Drive,Dudley Dursley,Harry Potter,1,,0,,,,,,,,,,,,,,,,,
Harry Potter & the Sorcerer's Stone,3,32,Privet Drive,Harry Potter,Dudley Dursley,1,,0,,,,,,,,,,,,,,,,,
Harry Potter & the Sorcerer's Stone,3,"33, 35",Privet Drive,Harry Potter,Petunia Dursley,1,,0,,,,,,,,,,,,,,,,,
Harry Potter & the Sorcerer's Stone,3,33,Privet Drive,Petunia Dursley,Harry Potter,1,,0,,,,,,,,,,,,,,,,,
Harry Potter & the Sorcerer's Stone,3,"33, 34, 35, 36, 37, 39, 41",Privet Drive,Vernon Dursely,Harry Potter,1,,0,,,,,,,,,,,,,,,,,
Harry Potter & the Sorcerer's Stone,3,"35, 36, 40",Privet Drive,Vernon Dursely,Petunia Dursley,1,,0,,,,,,,,,,,,,,,,,
Harry Potter & the Sorcerer's Stone,3,"35, 36, 37, 39",Privet Drive,Harry Potter,Vernon Dursely,1,,0,,,,,,,,,,,,,,,,,
Harry Potter & the Sorcerer's Stone,3,36,Privet Drive,Dudley Dursley,Vernon Dursely,1,,0,,,,,,,,,,,,,,,,,
Harry Potter & the Sorcerer's Stone,3,"36, 40",Privet Drive,Petunia Dursley,Vernon Dursely,0,.,0,,,,,,,,,,,,,,,,,
Harry Potter & the Sorcerer's Stone,3,"38, 43",Privet Drive,Dudley Dursley,Petunia Dursley,1,,0,,,,,,,,,,,,,,,,,
Harry Potter & the Sorcerer's Stone,3,39,Privet Drive,Vernon Dursely,Dudley Dursley,1,,0,,,,,,,,,,,,,,,,,
Harry Potter & the Sorcerer's Stone,3,42,Railview Hotel Cokeworth,Vernon Dursely,Owner of Hotel,1,,0,,,,,,,,,,,,,,,,,
Harry Potter & the Sorcerer's Stone,3,42,Railview Hotel Cokeworth,Owner of Hotel,Vernon Dursely,0,.,0,,,,,,,,,,,,,,,,,
Harry Potter & the Sorcerer's Stone,3,43,Railview Hotel Cokeworth,Petunia Dursley,Vernon Dursely,0,.,0,,,,,,,,,,,,,,,,,
Harry Potter & the Sorcerer's Stone,3,43,Railview Hotel Cokeworth,Dudley Dursley,Petunia Dursley,1,,0,,,,,,,,,,,,,,,,,
Harry Potter & the Sorcerer's Stone,3,44,Little Shack on a rock,Vernon Dursely,Everyone,1,,0,,,,,,,,,,,,,,,,,
Harry Potter & the Sorcerer's Stone,4,46,Little Shack on a rock,Dudley Dursley,Everyone,1,,0,,,,,,,,,,,,,,,,,
Harry Potter & the Sorcerer's Stone,4,47,Little Shack on a rock,Rubeus Hagrid,Dudley Dursley,1,,0,,,,,,,,,,,,,,,,,
Harry Potter & the Sorcerer's Stone,4,"47, 48, 49, 50, 51, 52, 53, 54, 55, 56, 57, 58, 59, 60",Little Shack on a rock,Rubeus Hagrid,Harry Potter,1,,0,,,,,,,,,,,,,,,,,
Harry Potter & the Sorcerer's Stone,4,"47, 52, 53, 58, 59",Little Shack on a rock,Vernon Dursely,Rubeus Hagrid,1,,0,,,,,,,,,,,,,,,,,
Harry Potter & the Sorcerer's Stone,4,"47, 50, 53, 58, 59",Little Shack on a rock,Rubeus Hagrid,Vernon Dursely,1,,0,,,,,,,,,,,,,,,,,
Harry Potter & the Sorcerer's Stone,4,"48, 49, 50, 51, 52, 54, 57, 58, 59, 60",Little Shack on a rock,Harry Potter,Rubeus Hagrid,1,,0,,,,,,,,,,,,,,,,,
Harry Potter & the Sorcerer's Stone,4,48,Little Shack on a rock,Vernon Dursely,Dudley Dursley,1,,0,,,,,,,,,,,,,,,,,
Harry Potter & the Sorcerer's Stone,4,"50, 53",Little Shack on a rock,Harry Potter,Vernon Dursely,1,,0,,,,,,,,,,,,,,,,,
Harry Potter & the Sorcerer's Stone,4,53,Little Shack on a rock,Petunia Dursley,Harry Potter,0,.,0,,,,,,,,,,,,,,,,,
Harry Potter & the Sorcerer's Stone,4,53,Little Shack on a rock,Harry Potter,Petunia Dursley,1,,0,,,,,,,,,,,,,,,,,
Harry Potter & the Sorcerer's Stone,4,56,Little Shack on a rock,Vernon Dursely,Harry Potter,1,,0,,,,,,,,,,,,,,,,,
Harry Potter & the Sorcerer's Stone,5,"62, 63, 64",Little Shack on a rock,Harry Potter,Rubeus Hagrid,1,,0,,,,,,,,,,,,,,,,,
Harry Potter & the Sorcerer's Stone,5,"62, 63, 64",Little Shack on a rock,Rubeus Hagrid,Harry Potter,1,,0,,,,,,,,,,,,,,,,,
Harry Potter & the Sorcerer's Stone,5,"65, 67",London,Harry Potter,Rubeus Hagrid,1,,0,,,,,,,,,,,,,,,,,
Harry Potter & the Sorcerer's Stone,5,"65, 66, 67",London,Rubeus Hagrid,Harry Potter,1,,0,,,,,,,,,,,,,,,,,
Harry Potter & the Sorcerer's Stone,5,"68, 70, 71",Leaky Cauldron,Rubeus Hagrid,Harry Potter,1,,0,,,,,,,,,,,,,,,,,
Harry Potter & the Sorcerer's Stone,5,69,Leaky Cauldron,Rubeus Hagrid,Tom bartender,1,,0,,,,,,,,,,,,,,,,,
Harry Potter & the Sorcerer's Stone,5,69,Leaky Cauldron,Tom bartender,Harry Potter,1,,0,,,,,,,,,,,,,,,,,
Harry Potter & the Sorcerer's Stone,5,69,Leaky Cauldron,Doris Crockford,Harry Potter,0,,0,,,,,,,,,,,,,,,,,
Harry Potter & the Sorcerer's Stone,5,69,Leaky Cauldron,Dedalus Diggle,Harry Potter,1,,0,,,,,,,,,,,,,,,,,
Harry Potter & the Sorcerer's Stone,5,69,Leaky Cauldron,Harry Potter,Dedalus Diggle,1,,0,,,,,,,,,,,,,,,,,
Harry Potter & the Sorcerer's Stone,5,70,Leaky Cauldron,Rubeus Hagrid,Professor Quirrell,1,,0,,,,,,,,,,,,,,,,,
Harry Potter & the Sorcerer's Stone,5,70,Leaky Cauldron,Professor Quirrell,Harry Potter,1,,0,,,,,,,,,,,,,,,,,
Harry Potter & the Sorcerer's Stone,5,70,Leaky Cauldron,Harry Potter,Professor Quirrell,1,,0,,,,,,,,,,,,,,,,,
Harry Potter & the Sorcerer's Stone,5,70,Leaky Cauldron,Harry Potter,Rubeus Hagrid,1,,0,,,,,,,,,,,,,,,,,
Harry Potter & the Sorcerer's Stone,5,"71, 72, 73, 74, 75, 76",Diagon Alley,Rubeus Hagrid,Harry Potter,1,,0,,,,,,,,,,,,,,,,,
Harry Potter & the Sorcerer's Stone,5,73,Diagon Alley,Rubeus Hagrid,Goblin,1,,0,,,,,,,,,,,,,,,,,
Harry Potter & the Sorcerer's Stone,5,73,Diagon Alley,Goblin,Rubeus Hagrid,1,,1,,,,,,,,,,,,,,,,,
Harry Potter & the Sorcerer's Stone,5,74,Diagon Alley,Harry Potter,Rubeus Hagrid,1,,0,,,,,,,,,,,,,,,,,
Harry Potter & the Sorcerer's Stone,5,75,Diagon Alley,Griphook (goblin),Rubeus Hagrid,1,,1,,,,,,,,,,,,,,,,,
Harry Potter & the Sorcerer's Stone,5,76,Diagon Alley,Griphook (goblin),Harry Potter,1,,1,,,,,,,,,,,,,,,,,
Harry Potter & the Sorcerer's Stone,5,76,Diagon Alley,Harry Potter,Griphook (goblin),1,,0,,,,,,,,,,,,,,,,,
Harry Potter & the Sorcerer's Stone,5,"76, 79, 80",Madam Malkin's Robes for All Occasions,Rubeus Hagrid,Harry Potter,1,,0,,,,,,,,,,,,,,,,,
Harry Potter & the Sorcerer's Stone,5,"77, 78, 79",Madam Malkin's Robes for All Occasions,Madam Malkin,Harry Potter,0,.,0,,,,,,,,,,,,,,,,,
Harry Potter & the Sorcerer's Stone,5,"77, 78, 79",Madam Malkin's Robes for All Occasions,pale boy,Harry Potter,1,,0,,,,,,,,,,,,,,,,,
Harry Potter & the Sorcerer's Stone,5,"77, 78",Madam Malkin's Robes for All Occasions,Harry Potter,pale boy,1,,0,,,,,,,,,,,,,,,,,
Harry Potter & the Sorcerer's Stone,5,"79, 80",Madam Malkin's Robes for All Occasions,Harry Potter,Rubeus Hagrid,1,,0,,,,,,,,,,,,,,,,,
Harry Potter & the Sorcerer's Stone,5,80,Flourish & Blotts,Harry Potter,Rubeus Hagrid,1,,0,,,,,,,,,,,,,,,,,
Harry Potter & the Sorcerer's Stone,5,80,Flourish & Blotts,Rubeus Hagrid,Harry Potter,1,,0,,,,,,,,,,,,,,,,,
Harry Potter & the Sorcerer's Stone,5,81,Eyelops Owl Emporium,Harry Potter,Rubeus Hagrid,1,,0,,,,,,,,,,,,,,,,,
Harry Potter & the Sorcerer's Stone,5,81,Eyelops Owl Emporium,Rubeus Hagrid,Harry Potter,1,,0,,,,,,,,,,,,,,,,,
Harry Potter & the Sorcerer's Stone,5,"82, 83, 84, 85",Ollivanders: Makers of Fine Wands since 832 BC,Mr. Ollivander,Harry Potter,1,,0,,,,,,,,,,,,,,,,,
Harry Potter & the Sorcerer's Stone,5,"82, 83, 85",Ollivanders: Makers of Fine Wands since 832 BC,Harry Potter,Mr. Ollivander,1,,0,,,,,,,,,,,,,,,,,
Harry Potter & the Sorcerer's Stone,5,83,Ollivanders: Makers of Fine Wands since 832 BC,Mr. Ollivander,Rubeus Hagrid,1,,0,,,,,,,,,,,,,,,,,
Harry Potter & the Sorcerer's Stone,5,83,Ollivanders: Makers of Fine Wands since 832 BC,Rubeus Hagrid,Mr. Ollivander,1,,0,,,,,,,,,,,,,,,,,
Harry Potter & the Sorcerer's Stone,5,"86, 87",Paddington Station,Rubeus Hagrid,Harry Potter,1,,0,,,,,,,,,,,,,,,,,
Harry Potter & the Sorcerer's Stone,5,86,Paddington Station,Harry Potter,Rubeus Hagrid,1,,0,,,,,,,,,,,,,,,,,
Harry Potter & the Sorcerer's Stone,6,"89, 90",Privet Drive,Harry Potter,Vernon Dursely,1,,0,,,,,,,,,,,,,,,,,
Harry Potter & the Sorcerer's Stone,6,"89, 90",Privet Drive,Vernon Dursely,Harry Potter,1,,0,,,,,,,,,,,,,,,,,
Harry Potter & the Sorcerer's Stone,6,"90, 91",King's Cross Station,Vernon Dursely,Harry Potter,1,,0,,,,,,,,,,,,,,,,,
Harry Potter & the Sorcerer's Stone,6,92,King's Cross Station,Mother Weasley,Ginny Weasley,0,.,0,,,,,,,,,,,,,,,,,
Harry Potter & the Sorcerer's Stone,6,92,King's Cross Station,Fred Weasley,Mother Weasley,1,,0,,,,,,,,,,,,,,,,,
Harry Potter & the Sorcerer's Stone,6,92,King's Cross Station,Mother Weasley,Fred Weasley,0,,0,,,,,,,,,,,,,,,,,
Harry Potter & the Sorcerer's Stone,6,93,King's Cross Station,Harry Potter,Mother Weasley,1,,0,,,,,,,,,,,,,,,,,
Harry Potter & the Sorcerer's Stone,6,93,King's Cross Station,Mother Weasley,Harry Potter,0,.,0,,,,,,,,,,,,,,,,,
Harry Potter & the Sorcerer's Stone,6,94,Platform nine & 3/4s,Neville,Grandma Neville,1,,0,,,,,,,,,,,,,,,,,
Harry Potter & the Sorcerer's Stone,6,94,Platform nine & 3/4s,Grandma Neville,Neville,0,.,0,,,,,,,,,,,,,,,,,
Harry Potter & the Sorcerer's Stone,6,"94, 95",Platform nine & 3/4s,George Weasley,Harry Potter,1,,0,,,,,,,,,,,,,,,,,
Harry Potter & the Sorcerer's Stone,6,94,Platform nine & 3/4s,George Weasley,Fred Weasley,1,,0,,,,,,,,,,,,,,,,,
Harry Potter & the Sorcerer's Stone,6,"94, 95",Platform nine & 3/4s,Harry Potter,George Weasley,1,,0,,,,,,,,,,,,,,,,,
Harry Potter & the Sorcerer's Stone,6,95,Platform nine & 3/4s,Fred Weasley,Harry Potter,1,,0,,,,,,,,,,,,,,,,,
Harry Potter & the Sorcerer's Stone,6,95,Platform nine & 3/4s,Harry Potter,Fred Weasley,1,,0,,,,,,,,,,,,,,,,,
Harry Potter & the Sorcerer's Stone,6,"95, 96, 97",Platform nine & 3/4s,Mother Weasley,Fred Weasley,0,.,0,,,,,,,,,,,,,,,,,
Harry Potter & the Sorcerer's Stone,6,"95, 96, 97",Platform nine & 3/4s,Mother Weasley,George Weasley,0,.,0,,,,,,,,,,,,,,,,,
Harry Potter & the Sorcerer's Stone,6,"95, 96, 97",Platform nine & 3/4s,Fred Weasley,Mother Weasley,1,,0,,,,,,,,,,,,,,,,,
Harry Potter & the Sorcerer's Stone,6,"95, 96, 97",Platform nine & 3/4s,George Weasley,Mother Weasley,1,,0,,,,,,,,,,,,,,,,,
Harry Potter & the Sorcerer's Stone,6,95,Platform nine & 3/4s,Mother Weasley,Ron Weasley,0,.,0,,,,,,,,,,,,,,,,,
Harry Potter & the Sorcerer's Stone,6,95,Platform nine & 3/4s,Ron Weasley,Mother Weasley,1,,0,,,,,,,,,,,,,,,,,
Harry Potter & the Sorcerer's Stone,6,95,Platform nine & 3/4s,Fred Weasley,Ron Weasley,1,,0,,,,,,,,,,,,,,,,,
Harry Potter & the Sorcerer's Stone,6,95,Platform nine & 3/4s,George Weasley,Ron Weasley,1,,0,,,,,,,,,,,,,,,,,
Harry Potter & the Sorcerer's Stone,6,96,Platform nine & 3/4s,Percy Weasley,Mother Weasley,1,,0,,,,,,,,,,,,,,,,,
Harry Potter & the Sorcerer's Stone,6,96,Platform nine & 3/4s,Fred Weasley,George Weasley,1,,0,,,,,,,,,,,,,,,,,
Harry Potter & the Sorcerer's Stone,6,96,Platform nine & 3/4s,George Weasley,Fred Weasley,1,,0,,,,,,,,,,,,,,,,,
Harry Potter & the Sorcerer's Stone,6,96,Platform nine & 3/4s,Percy Weasley,Fred Weasley,1,,0,,,,,,,,,,,,,,,,,
Harry Potter & the Sorcerer's Stone,6,96,Platform nine & 3/4s,Percy Weasley,George Weasley,1,,0,,,,,,,,,,,,,,,,,
Harry Potter & the Sorcerer's Stone,6,96,Platform nine & 3/4s,Ron Weasley,Fred Weasley,1,,0,,,,,,,,,,,,,,,,,
Harry Potter & the Sorcerer's Stone,6,96,Platform nine & 3/4s,Ron Weasley,George Weasley,1,,0,,,,,,,,,,,,,,,,,
Harry Potter & the Sorcerer's Stone,6,97,Platform nine & 3/4s,Mother Weasley,Ginny Weasley,0,.,0,,,,,,,,,,,,,,,,,
Harry Potter & the Sorcerer's Stone,6,97,Platform nine & 3/4s,Ginny Weasley,Mother Weasley,0,.,0,,,,,,,,,,,,,,,,,
Harry Potter & the Sorcerer's Stone,6,"98, 99, 100, 101, 102, 103, 106, 107, 110",Train,Harry Potter,Ron Weasley,1,,0,,,,,,,,,,,,,,,,,
Harry Potter & the Sorcerer's Stone,6,"98, 99, 100, 101, 102, 103, 104, 105, 106, 107, 110",Train,Ron Weasley,Harry Potter,1,,0,,,,,,,,,,,,,,,,,
Harry Potter & the Sorcerer's Stone,6,98,Train,Fred Weasley,Harry Potter,1,,0,,,,,,,,,,,,,,,,,
Harry Potter & the Sorcerer's Stone,6,98,Train,George Weasley,Harry Potter,1,,0,,,,,,,,,,,,,,,,,
Harry Potter & the Sorcerer's Stone,6,98,Train,Ron Weasley,Fred Weasley,1,,0,,,,,,,,,,,,,,,,,
Harry Potter & the Sorcerer's Stone,6,98,Train,Ron Weasley,George Weasley,1,,0,,,,,,,,,,,,,,,,,
Harry Potter & the Sorcerer's Stone,6,98,Train,Harry Potter,Fred Weasley,1,,0,,,,,,,,,,,,,,,,,
Harry Potter & the Sorcerer's Stone,6,98,Train,Harry Potter,George Weasley,1,,0,,,,,,,,,,,,,,,,,
Harry Potter & the Sorcerer's Stone,6,104,Train,Neville,Harry Potter,1,,0,,,,,,,,,,,,,,,,,
Harry Potter & the Sorcerer's Stone,6,104,Train,Neville,Ron Weasley,1,,0,,,,,,,,,,,,,,,,,
Harry Potter & the Sorcerer's Stone,6,104,Train,Harry Potter,Neville,1,,0,,,,,,,,,,,,,,,,,
Harry Potter & the Sorcerer's Stone,6,"105, 106",Train,Hermoine Granger,Harry Potter,0,.,0,,,,,,,,,,,,,,,,,
Harry Potter & the Sorcerer's Stone,6,"105, 109, 110",Train,Hermoine Granger,Ron Weasley,0,.,0,,,,,,,,,,,,,,,,,
Harry Potter & the Sorcerer's Stone,6,"105, 106, 109, 110",Train,Ron Weasley,Hermoine Granger,1,,0,,,,,,,,,,,,,,,,,
Harry Potter & the Sorcerer's Stone,6,106,Train,Harry Potter,Hermoine Granger,1,,0,,,,,,,,,,,,,,,,,
Harry Potter & the Sorcerer's Stone,6,"108, 109",Train,Draco Malfoy,Harry Potter,1,,0,,,,,,,,,,,,,,,,,
Harry Potter & the Sorcerer's Stone,6,"108, 109",Train,Harry Potter,Draco Malfoy,1,,0,,,,,,,,,,,,,,,,,
Harry Potter & the Sorcerer's Stone,6,"108, 109",Train,Draco Malfoy,Ron Weasley,1,,0,,,,,,,,,,,,,,,,,
Harry Potter & the Sorcerer's Stone,6,109,Train,Ron Weasley,Draco Malfoy,1,,0,,,,,,,,,,,,,,,,,
Harry Potter & the Sorcerer's Stone,6,"111, 112",dark platform arrival,Rubeus Hagrid,students,1,,0,,,,,,,,,,,,,,,,,
Harry Potter & the Sorcerer's Stone,6,112,dark platform arrival,Neville,Rubeus Hagrid,1,,0,,,,,,,,,,,,,,,,,
Harry Potter & the Sorcerer's Stone,7,113,Hogwarts,Rubeus Hagrid,Professor McGonagall,1,,0,,,,,,,,,,,,,,,,,
Harry Potter & the Sorcerer's Stone,7,113,Hogwarts,Professor McGonagall,Rubeus Hagrid,0,.,0,,,,,,,,,,,,,,,,,
Harry Potter & the Sorcerer's Stone,7,"114, 116",Hogwarts,Professor McGonagall,students,0,.,0,,,,,,,,,,,,,,,,,
Harry Potter & the Sorcerer's Stone,7,114,Hogwarts,Harry Potter,Ron Weasley,1,,0,,,,,,,,,,,,,,,,,
Harry Potter & the Sorcerer's Stone,7,115,Hogwarts,Ron Weasley,Harry Potter,1,,0,,,,,,,,,,,,,,,,,
Harry Potter & the Sorcerer's Stone,7,116,Hogwarts,Fat Friar (ghost),students,1,,1,,,,,,,,,,,,,,,,,
Harry Potter & the Sorcerer's Stone,7,117,Hogwarts - Great Hall ,Hermoine Granger,Harry Potter,0,.,0,,,,,,,,,,,,,,,,,
Harry Potter & the Sorcerer's Stone,7,117,Hogwarts - Great Hall ,Sorting Hat,students,1,,1,,,,,,,,,,,,,,,,,
Harry Potter & the Sorcerer's Stone,7,118,Hogwarts - Great Hall ,Ron Weasley,Harry Potter,1,,0,,,,,,,,,,,,,,,,,
Harry Potter & the Sorcerer's Stone,7,119,Hogwarts - Great Hall ,Professor McGonagall,students,0,.,0,,students assigned by sorting hat their houses,,,,,,,,,,,,,,,
Harry Potter & the Sorcerer's Stone,7,122,Hogwarts - Great Hall ,Percy Weasley,Ron Weasley,1,,0,,,,,,,,,,,,,,,,,
Harry Potter & the Sorcerer's Stone,7,"123, 126, 127, 128",Hogwarts - Great Hall ,Albus Dumbledore,students,1,,0,,,,,,,,,,,,,,,,,
Harry Potter & the Sorcerer's Stone,7,"123, 126, 127",Hogwarts - Great Hall ,Harry Potter,Percy Weasley,1,,0,,,,,,,,,,,,,,,,,
Harry Potter & the Sorcerer's Stone,7,"123, 126, 127",Hogwarts - Great Hall ,Percy Weasley,Harry Potter,1,,0,,,,,,,,,,,,,,,,,
Harry Potter & the Sorcerer's Stone,7,123,Hogwarts - Great Hall ,Harry Potter,Sir Nicholas de Mimsy-Porpington (ghost),1,,0,,,,,,,,,,,,,,,,,
Harry Potter & the Sorcerer's Stone,7,124,Hogwarts - Great Hall ,Sir Nicholas de Mimsy-Porpington (ghost),Harry Potter,1,,1,,,,,,,,,,,,,,,,,
Harry Potter & the Sorcerer's Stone,7,124,Hogwarts - Great Hall ,Ron Weasley,Sir Nicholas de Mimsy-Porpington (ghost),1,,0,,,,,,,,,,,,,,,,,
Harry Potter & the Sorcerer's Stone,7,124,Hogwarts - Great Hall ,Sir Nicholas de Mimsy-Porpington (ghost),Ron Weasley,1,,1,,,,,,,,,,,,,,,,,
Harry Potter & the Sorcerer's Stone,7,124,Hogwarts - Great Hall ,Seamus Finnigan,Sir Nicholas de Mimsy-Porpington (ghost),1,,0,,,,,,,,,,,,,,,,,
Harry Potter & the Sorcerer's Stone,7,124,Hogwarts - Great Hall ,Sir Nicholas de Mimsy-Porpington (ghost),Seamus Finnigan,1,,0,,,,,,,,,,,,,,,,,
Harry Potter & the Sorcerer's Stone,7,124,Hogwarts - Great Hall ,Sir Nicholas de Mimsy-Porpington (ghost),Gryffindors,1,,0,,,,,,,,,,,,,,,,,
Harry Potter & the Sorcerer's Stone,7,125,Hogwarts - Great Hall ,Seamus Finnigan,Harry Potter,1,,0,,,,,,,,,,,,,,,,,
Harry Potter & the Sorcerer's Stone,7,125,Hogwarts - Great Hall ,Ron Weasley,Neville,1,,0,,,,,,,,,,,,,,,,,
Harry Potter & the Sorcerer's Stone,7,125,Hogwarts - Great Hall ,Neville,Ron Weasley,1,,0,,,,,,,,,,,,,,,,,
Harry Potter & the Sorcerer's Stone,7,125,Hogwarts - Great Hall ,Hermoine Granger,Percy Weasley,0,,0,,,,,,,,,,,,,,,,,
Harry Potter & the Sorcerer's Stone,7,125,Hogwarts - Great Hall ,Percy Weasley,Hermoine Granger,1,,0,,,,,,,,,,,,,,,,,
Harry Potter & the Sorcerer's Stone,7,129,Hogwarts - Great Hall ,Percy Weasley,Peeves - a poltergeist,1,,0,,,,,,,,,,,,,,,,,
Harry Potter & the Sorcerer's Stone,7,129,Hogwarts - Great Hall ,Peeves - a poltergeist,Percy Weasley,1,,1,,,,,,,,,,,,,,,,,
Harry Potter & the Sorcerer's Stone,7,129,Hogwarts - Great Hall ,Very fat woman in a pink silk dress,Percy Weasley,0,.,1,,,,,,,,,,,,,,,,,
Harry Potter & the Sorcerer's Stone,7,130,Hogwarts - Great Hall ,Percy Weasley,Very fat woman in a pink silk dress,1,,0,,"""Caput Draconis"" password",,,,,,,,,,,,,,,
Harry Potter & the Sorcerer's Stone,7,130,Towers,Ron Weasley,Harry Potter,1,,0,,,,,,,,,,,,,,,,,
Harry Potter & the Sorcerer's Stone,8,134,,Professor McGonagall,Gryffindors,0,.,0,,,,,,,,,,,,,,,,,
Harry Potter & the Sorcerer's Stone,8,135,Hogwarts - Great Hall ,Harry Potter,Ron Weasley,1,,0,,,,,,,,,,,,,,,,,
Harry Potter & the Sorcerer's Stone,8,135,Hogwarts - Great Hall ,Ron Weasley,Harry Potter,1,,0,,,,,,,,,,,,,,,,,
Harry Potter & the Sorcerer's Stone,8,"136, 137, 138, 139",Snape's classroom - dungeon,Snape,Harry Potter,1,,0,,,,,,,,,,,,,,,,,
Harry Potter & the Sorcerer's Stone,8,"137, 138",Snape's classroom - dungeon,Harry Potter,Snape,1,,0,,,,,,,,,,,,,,,,,
Harry Potter & the Sorcerer's Stone,8,138,Snape's classroom - dungeon,Snape,Hermoine Granger,1,,0,,,,,,,,,,,,,,,,,
Harry Potter & the Sorcerer's Stone,8,138,Snape's classroom - dungeon,Snape,Neville,1,,0,,,,,,,,,,,,,,,,,
Harry Potter & the Sorcerer's Stone,8,139,Snape's classroom - dungeon,Snape,Seamus Finnigan,1,,0,,,,,,,,,,,,,,,,,
Harry Potter & the Sorcerer's Stone,8,"139, 140",Snape's classroom - dungeon,Ron Weasley,Harry Potter,1,,0,,,,,,,,,,,,,,,,,
Harry Potter & the Sorcerer's Stone,8,"140, 141",Edge of Forbidden Forrest - Hagrid's wooden house,Rubeus Hagrid,Harry Potter,1,,0,,,,,,,,,,,,,,,,,
Harry Potter & the Sorcerer's Stone,8,"140, 141",Edge of Forbidden Forrest - Hagrid's wooden house,Rubeus Hagrid,Ron Weasley,1,,0,,,,,,,,,,,,,,,,,
Harry Potter & the Sorcerer's Stone,8,"140, 141, 142",Edge of Forbidden Forrest - Hagrid's wooden house,Harry Potter,Rubeus Hagrid,1,,0,,,,,,,,,,,,,,,,,
Harry Potter & the Sorcerer's Stone,8,"140, 141",Edge of Forbidden Forrest - Hagrid's wooden house,Ron Weasley,Rubeus Hagrid,1,,0,,,,,,,,,,,,,,,,,
Harry Potter & the Sorcerer's Stone,9,143,Gryffindor Common Room,Harry Potter,Ron Weasley,1,,0,,,,,,,,,,,,,,,,,
Harry Potter & the Sorcerer's Stone,9,143,Gryffindor Common Room,Ron Weasley,Harry Potter,1,,0,,,,,,,,,,,,,,,,,
Harry Potter & the Sorcerer's Stone,9,145,Gryffindor Table,Neville,Harry Potter,1,,0,,,,,,,,,,,,,,,,,
Harry Potter & the Sorcerer's Stone,9,145,Gryffindor Table,Professor McGonagall,Draco Malfoy,0,.,0,,,,,,,,,,,,,,,,,
Harry Potter & the Sorcerer's Stone,9,145,Gryffindor Table,Draco Malfoy,Professor McGonagall,1,,0,,,,,,,,,,,,,,,,,
Harry Potter & the Sorcerer's Stone,9,146,The Grounds,Madam Hooch,students,0,.,0,,,,,,,,,,,,,,,,,
Harry Potter & the Sorcerer's Stone,9,147,The Grounds,Madam Hooch,Neville,0,.,0,,,,,,,,,,,,,,,,,
Harry Potter & the Sorcerer's Stone,9,147,The Grounds,Draco Malfoy,Slytherins,1,,0,,,,,,,,,,,,,,,,,
Harry Potter & the Sorcerer's Stone,9,147,The Grounds,Parvati Patil,Draco Malfoy,0,.,0,,,,,,,,,,,,,,,,,
Harry Potter & the Sorcerer's Stone,9,148,The Grounds,Pansy Parkinson,Parvati Patil,0,.,0,,,,,,,,,,,,,,,,,
Harry Potter & the Sorcerer's Stone,9,148,The Grounds,Draco Malfoy,Slytherins,1,,0,,,,,,,,,,,,,,,,,
Harry Potter & the Sorcerer's Stone,9,"148, 149",The Grounds,Harry Potter,Draco Malfoy,1,,0,,,,,,,,,,,,,,,,,
Harry Potter & the Sorcerer's Stone,9,"148, 149",The Grounds,Draco Malfoy,Harry Potter,1,,0,,,,,,,,,,,,,,,,,
Harry Potter & the Sorcerer's Stone,9,148,The Grounds,Hermoine Granger,Harry Potter,0,.,0,,,,,,,,,,,,,,,,,
Harry Potter & the Sorcerer's Stone,9,"149, 150, 151",The Grounds,Professor McGonagall,Harry Potter,0,.,0,,,,,,,,,,,,,,,,,
Harry Potter & the Sorcerer's Stone,9,149,The Grounds,Parvati Patil,Professor McGonagall,0,.,0,,,,,,,,,,,,,,,,,
Harry Potter & the Sorcerer's Stone,9,150,The Grounds,Professor McGonagall,Parvati Patil,0,.,0,,,,,,,,,,,,,,,,,
Harry Potter & the Sorcerer's Stone,9,150,The Grounds,Ron Weasley,Professor McGonagall,1,,0,,,,,,,,,,,,,,,,,
Harry Potter & the Sorcerer's Stone,9,150,The Grounds,Professor McGonagall,Professor Flitwick,0,.,0,,,,,,,,,,,,,,,,,
Harry Potter & the Sorcerer's Stone,9,151,Empty Classroom,Professor McGonagall,Oliver Wood,0,.,0,,,,,,,,,,,,,,,,,
Harry Potter & the Sorcerer's Stone,9,151,Empty Classroom,Professor McGonagall,Peeves - a poltergeist,0,.,0,,,,,,,,,,,,,,,,,
Harry Potter & the Sorcerer's Stone,9,"151, 152",Empty Classroom,Oliver Wood,Professor McGonagall,1,,0,,,,,,,,,,,,,,,,,
Harry Potter & the Sorcerer's Stone,9,151,Empty Classroom,Oliver Wood,Harry Potter,1,,0,,,,,,,,,,,,,,,,,
Harry Potter & the Sorcerer's Stone,9,152,Empty Classroom,Professor McGonagall,Harry Potter,0,.,0,,,,,,,,,,,,,,,,,
Harry Potter & the Sorcerer's Stone,9,"152, 154",Hogwarts - Great Hall ,Ron Weasley,Harry Potter,1,,0,,,,,,,,,,,,,,,,,
Harry Potter & the Sorcerer's Stone,9,"152, 154",Hogwarts - Great Hall ,Harry Potter,Ron Weasley,1,,0,,,,,,,,,,,,,,,,,
Harry Potter & the Sorcerer's Stone,9,153,Hogwarts - Great Hall ,George Weasley,Harry Potter,1,,0,,,,,,,,,,,,,,,,,
Harry Potter & the Sorcerer's Stone,9,153,Hogwarts - Great Hall ,Fred Weasley,Harry Potter,1,,0,,,,,,,,,,,,,,,,,
Harry Potter & the Sorcerer's Stone,9,153,Hogwarts - Great Hall ,Draco Malfoy,Harry Potter,1,,0,,,,,,,,,,,,,,,,,
Harry Potter & the Sorcerer's Stone,9,153,Hogwarts - Great Hall ,Harry Potter,Draco Malfoy,1,,0,,,,,,,,,,,,,,,,,
Harry Potter & the Sorcerer's Stone,9,153,Hogwarts - Great Hall ,Ron Weasley,Draco Malfoy,1,,0,,,,,,,,,,,,,,,,,
Harry Potter & the Sorcerer's Stone,9,153,Hogwarts - Great Hall ,Draco Malfoy,Crabbe,1,,0,,,,,,,,,,,,,,,,,
Harry Potter & the Sorcerer's Stone,9,154,Hogwarts - Great Hall ,Hermoine Granger,Ron Weasley,0,.,0,,,,,,,,,,,,,,,,,
Harry Potter & the Sorcerer's Stone,9,154,Hogwarts - Great Hall ,Hermoine Granger,Harry Potter,0,.,0,,,,,,,,,,,,,,,,,
Harry Potter & the Sorcerer's Stone,9,154,Hogwarts - Great Hall ,Ron Weasley,Hermoine Granger,1,,0,,,,,,,,,,,,,,,,,
Harry Potter & the Sorcerer's Stone,9,154,Hogwarts - Great Hall ,Harry Potter,Hermoine Granger,1,,0,,,,,,,,,,,,,,,,,
Harry Potter & the Sorcerer's Stone,9,"155, 157",Gryffindor Tower,Ron Weasley,Harry Potter,1,,0,,,,,,,,,,,,,,,,,
Harry Potter & the Sorcerer's Stone,9,"155, 156",Gryffindor Tower,Hermoine Granger,Harry Potter,0,.,0,,,,,,,,,,,,,,,,,
Harry Potter & the Sorcerer's Stone,9,"155, 156, 157",Gryffindor Tower,Ron Weasley,Hermoine Granger,1,,0,,,,,,,,,,,,,,,,,
Harry Potter & the Sorcerer's Stone,9,"155, 156",Gryffindor Tower,Harry Potter,Hermoine Granger,1,,0,,,,,,,,,,,,,,,,,
Harry Potter & the Sorcerer's Stone,9,156,Gryffindor Tower,Hermoine Granger,Ron Weasley,0,,0,,,,,,,,,,,,,,,,,
Harry Potter & the Sorcerer's Stone,9,156,Gryffindor Tower,Neville,Ron Weasley,1,,0,,,,,,,,,,,,,,,,,
Harry Potter & the Sorcerer's Stone,9,156,Gryffindor Tower,Ron Weasley,Neville,1,,0,,,,,,,,,,,,,,,,,
Harry Potter & the Sorcerer's Stone,9,"156, 157",Gryffindor Tower,Harry Potter,Neville,1,,0,,,,,,,,,,,,,,,,,
Harry Potter & the Sorcerer's Stone,9,"156, 157",Gryffindor Tower,Neville,Harry Potter,1,,0,,,,,,,,,,,,,,,,,
Harry Potter & the Sorcerer's Stone,9,157,Trophy Room,Ron Weasley,Harry Potter,1,,0,,,,,,,,,,,,,,,,,
Harry Potter & the Sorcerer's Stone,9,157,Trophy Room,Filch,Mrs. Norris,1,,0,,,,,,,,,,,,,,,,,
Harry Potter & the Sorcerer's Stone,9,158,Trophy Room,Harry Potter,Ron Weasley,1,,0,,,,,,,,,,,,,,,,,
Harry Potter & the Sorcerer's Stone,9,"158, 159",Trophy Room,Harry Potter,Hermoine Granger,1,,0,,,,,,,,,,,,,,,,,
Harry Potter & the Sorcerer's Stone,9,158,Trophy Room,Harry Potter,Neville,1,,0,,,,,,,,,,,,,,,,,
Harry Potter & the Sorcerer's Stone,9,"158, 159",Trophy Room,Hermoine Granger,Harry Potter,0,,0,,,,,,,,,,,,,,,,,
Harry Potter & the Sorcerer's Stone,9,158,Trophy Room,Ron Weasley,Harry Potter,1,,0,,,,,,,,,,,,,,,,,
Harry Potter & the Sorcerer's Stone,9,159,Trophy Room,Peeves - a poltergeist,Harry Potter,1,,0,,,,,,,,,,,,,,,,,
Harry Potter & the Sorcerer's Stone,9,159,Trophy Room,Harry Potter,Peeves - a poltergeist,1,,0,,,,,,,,,,,,,,,,,
Harry Potter & the Sorcerer's Stone,9,159,Trophy Room,Ron Weasley,Peeves - a poltergeist,1,,0,,,,,,,,,,,,,,,,,
Harry Potter & the Sorcerer's Stone,9,160,Forbidden Corridor,Hermoine Granger,Harry Potter,0,,0,,,,,,,,,,,,,,,,,
Harry Potter & the Sorcerer's Stone,9,160,classroom,Filch,Peeves - a poltergeist,1,,0,,,,,,,,,,,,,,,,,
Harry Potter & the Sorcerer's Stone,9,160,classroom,Peeves - a poltergeist,Filch,1,,0,,,,,,,,,,,,,,,,,
Harry Potter & the Sorcerer's Stone,9,160,Forbidden Corridor,Harry Potter,Ron Weasley,1,,0,,,,,,,,,,,,,,,,,
Harry Potter & the Sorcerer's Stone,9,160,Forbidden Corridor,Harry Potter,Neville,1,,0,,,,,,,,,,,,,,,,,
Harry Potter & the Sorcerer's Stone,9,160,Forbidden Corridor,Neville,Harry Potter,1,,0,,,,,,,,,,,,,,,,,
Harry Potter & the Sorcerer's Stone,9,161,Gryffindor Tower,Portrait of the Fat Lady on the 7th floor,Harry Potter,0,,0,,,,,,,,,,,,,,,,,
Harry Potter & the Sorcerer's Stone,9,161,Gryffindor Tower,Harry Potter,Portrait of the Fat Lady on the 7th floor,1,,0,,,,,,,,,,,,,,,,,
Harry Potter & the Sorcerer's Stone,9,161,Gryffindor Tower,Ron Weasley,Harry Potter,1,,0,,,,,,,,,,,,,,,,,
Harry Potter & the Sorcerer's Stone,9,162,Gryffindor Tower,Hermoine Granger,Harry Potter,0,,0,,,,,,,,,,,,,,,,,
Harry Potter & the Sorcerer's Stone,9,162,Gryffindor Tower,Hermoine Granger,Ron Weasley,0,,0,,,,,,,,,,,,,,,,,
Harry Potter & the Sorcerer's Stone,9,162,Gryffindor Tower,Harry Potter,Hermoine Granger,1,,0,,,,,,,,,,,,,,,,,
Harry Potter & the Sorcerer's Stone,9,162,Gryffindor Tower,Ron Weasley,Hermoine Granger,1,,0,,,,,,,,,,,,,,,,,
Harry Potter & the Sorcerer's Stone,10,163,Hogwarts - Great Hall ,Ron Weasley,Harry Potter,1,,0,,,,,,,,,,,,,,,,,
Harry Potter & the Sorcerer's Stone,10,163,Hogwarts - Great Hall ,Harry Potter,Ron Weasley,1,,0,,,,,,,,,,,,,,,,,
Harry Potter & the Sorcerer's Stone,10,165,Hogwarts - Great Hall ,Ron Weasley,Harry Potter,1,,0,,,,,,,,,,,,,,,,,
Harry Potter & the Sorcerer's Stone,10,165,Hogwarts - Great Hall ,Draco Malfoy,Harry Potter,1,,0,,,,,,,,,,,,,,,,,
Harry Potter & the Sorcerer's Stone,10,165,Hogwarts - Great Hall ,Ron Weasley,Draco Malfoy,1,,0,,,,,,,,,,,,,,,,,
Harry Potter & the Sorcerer's Stone,10,165,Hogwarts - Great Hall ,Professor Flitwick,Draco Malfoy,1,,0,,,,,,,,,,,,,,,,,
Harry Potter & the Sorcerer's Stone,10,165,Hogwarts - Great Hall ,Draco Malfoy,Professor Flitwick,1,,0,,,,,,,,,,,,,,,,,
Harry Potter & the Sorcerer's Stone,10,165,Hogwarts - Great Hall ,Harry Potter,Professor Flitwick,1,,0,,,,,,,,,,,,,,,,,
Harry Potter & the Sorcerer's Stone,10,166,Hogwarts - Great Hall ,Harry Potter,Ron Weasley,1,,0,,,,,,,,,,,,,,,,,
Harry Potter & the Sorcerer's Stone,10,166,Hogwarts - Great Hall ,Hermoine Granger,Harry Potter,0,,0,,,,,,,,,,,,,,,,,
Harry Potter & the Sorcerer's Stone,10,166,Hogwarts - Great Hall ,Harry Potter,Hermoine Granger,1,,0,,,,,,,,,,,,,,,,,
Harry Potter & the Sorcerer's Stone,10,166,Hogwarts - Great Hall ,Ron Weasley,Hermoine Granger,1,,0,,,,,,,,,,,,,,,,,
Harry Potter & the Sorcerer's Stone,10,166,Gryffindor Tower,Ron Weasley,Harry Potter,1,,0,,,,,,,,,,,,,,,,,
Harry Potter & the Sorcerer's Stone,10,"167, 168, 169, 170",Open grounds,Oliver Wood,Harry Potter,1,,0,,,,,,,,,,,,,,,,,
Harry Potter & the Sorcerer's Stone,10,"166, 168, 169, 170",Open grounds,Harry Potter,Oliver Wood,1,,0,,,,,,,,,,,,,,,,,
Harry Potter & the Sorcerer's Stone,10,171,Professor Flitwick's classroom,Professor Flitwick,students,1,,0,,,,,,,,,,,,,,,,,
Harry Potter & the Sorcerer's Stone,10,171,Professor Flitwick's classroom,Hermoine Granger,Ron Weasley,0,,0,,,,,,,,,,,,,,,,,
Harry Potter & the Sorcerer's Stone,10,171,Professor Flitwick's classroom,Ron Weasley,Hermoine Granger,1,,0,,,,,,,,,,,,,,,,,
Harry Potter & the Sorcerer's Stone,10,171,Professor Flitwick's classroom,Professor Flitwick,Hermoine Granger,1,,0,,,,,,,,,,,,,,,,,
Harry Potter & the Sorcerer's Stone,10,172,Professor Flitwick's classroom,Ron Weasley,Harry Potter,1,,0,,,,,,,,,,,,,,,,,
Harry Potter & the Sorcerer's Stone,10,172,Open Corridor,Harry Potter,Ron Weasley,1,,0,,,,,,,,,,,,,,,,,
Harry Potter & the Sorcerer's Stone,10,172,Open Corridor,Ron Weasley,Harry Potter,1,,0,,,,,,,,,,,,,,,,,
Harry Potter & the Sorcerer's Stone,10,173,Great Hall,Albus Dumbledore,Prefects,1,,0,,,,,,,,,,,,,,,,,
Harry Potter & the Sorcerer's Stone,10,173,Great Hall,Percy Weasley,Gryffindors,1,,0,,,,,,,,,,,,,,,,,
Harry Potter & the Sorcerer's Stone,10,"173, 174",Great Hall,Harry Potter,Ron Weasley,1,,0,,,,,,,,,,,,,,,,,
Harry Potter & the Sorcerer's Stone,10,"173, 174",Great Hall,Ron Weasley,Harry Potter,1,,0,,,,,,,,,,,,,,,,,
Harry Potter & the Sorcerer's Stone,10,"174, 175, 179",Chamber,Harry Potter,Ron Weasley,1,,0,,,,,,,,,,,,,,,,,
Harry Potter & the Sorcerer's Stone,10,"174, 175, 178, 179",Chamber,Ron Weasley,Harry Potter,1,,0,,,,,,,,,,,,,,,,,
Harry Potter & the Sorcerer's Stone,10,"174, 175, 176",Chamber,Harry Potter,Hermoine Granger,1,,0,,,,,,,,,,,,,,,,,
Harry Potter & the Sorcerer's Stone,10,176,Chamber,Ron Weasley,troll,1,,0,,Wingardium Leviosa,,,,,,,,,,,,,,,
Harry Potter & the Sorcerer's Stone,10,176,Chamber,Hermoine Granger,Harry Potter,0,,0,,,,,,,,,,,,,,,,,
Harry Potter & the Sorcerer's Stone,10,"177, 178",Chamber,Professor McGonagall,Harry Potter,0,,0,,,,,,,,,,,,,,,,,
Harry Potter & the Sorcerer's Stone,10,"177, 178",Chamber,Professor McGonagall,Ron Weasley,0,,0,,,,,,,,,,,,,,,,,
Harry Potter & the Sorcerer's Stone,10,"177, 178",Chamber,Hermoine Granger,Professor McGonagall,0,,0,,,,,,,,,,,,,,,,,
Harry Potter & the Sorcerer's Stone,10,178,Chamber,Professor McGonagall,Hermoine Granger,0,,0,,,,,,,,,,,,,,,,,
Harry Potter & the Sorcerer's Stone,10,179,Gryffindor Tower,Harry Potter,Portrait of the Fat Lady on the 7th floor,1,,0,,,,,,,,,,,,,,,,,
Harry Potter & the Sorcerer's Stone,11,"181, 182",courtyard,Snape,Harry Potter,1,,0,,,,,,,,,,,,,,,,,
Harry Potter & the Sorcerer's Stone,11,182,courtyard,Harry Potter,Snape,1,,0,,,,,,,,,,,,,,,,,
Harry Potter & the Sorcerer's Stone,11,182,courtyard,Harry Potter,Ron Weasley,1,,0,,,,,,,,,,,,,,,,,
Harry Potter & the Sorcerer's Stone,11,182,Gryffindor common Room,Ron Weasley,Harry Potter,1,,0,,,,,,,,,,,,,,,,,
Harry Potter & the Sorcerer's Stone,11,182,Gryffindor common Room,Hermoine Granger,Harry Potter,0,,0,,,,,,,,,,,,,,,,,
Harry Potter & the Sorcerer's Stone,11,182,staffroom,Snape,Filch,1,,0,,,,,,,,,,,,,,,,,
Harry Potter & the Sorcerer's Stone,11,183,staffroom,Snape,Harry Potter,1,,0,,,,,,,,,,,,,,,,,
Harry Potter & the Sorcerer's Stone,11,183,staffroom,Harry Potter,Snape,1,,0,,,,,,,,,,,,,,,,,
Harry Potter & the Sorcerer's Stone,11,183,Gryffindor common Room,Ron Weasley,Harry Potter,1,,0,,,,,,,,,,,,,,,,,
Harry Potter & the Sorcerer's Stone,11,183,Gryffindor common Room,Hermoine Granger,Harry Potter,0,,0,,,,,,,,,,,,,,,,,
Harry Potter & the Sorcerer's Stone,11,183,Gryffindor common Room,Harry Potter,Ron Weasley,1,,0,,,,,,,,,,,,,,,,,
Harry Potter & the Sorcerer's Stone,11,183,Gryffindor common Room,Ron Weasley,Hermoine Granger,1,,0,,,,,,,,,,,,,,,,,
Harry Potter & the Sorcerer's Stone,11,184,Great Hall,Hermoine Granger,Harry Potter,0,,0,,,,,,,,,,,,,,,,,
Harry Potter & the Sorcerer's Stone,11,184,Great Hall,Harry Potter,Hermoine Granger,1,,0,,,,,,,,,,,,,,,,,
Harry Potter & the Sorcerer's Stone,11,184,Great Hall,Seamus Finnigan,Harry Potter,1,,0,,,,,,,,,,,,,,,,,
Harry Potter & the Sorcerer's Stone,11,184,Great Hall,Harry Potter,Seamus Finnigan,1,,0,,,,,,,,,,,,,,,,,
Harry Potter & the Sorcerer's Stone,11,185,Quidditch Pitch,Oliver Wood,Gryffindor quidditch team,1,,0,,,,,,,,,,,,,,,,,
Harry Potter & the Sorcerer's Stone,11,185,Quidditch Pitch,Angelina Johnson - Chaser Gryffindor team,Oliver Wood,0,,0,,,,,,,,,,,,,,,,,
Harry Potter & the Sorcerer's Stone,11,185,Quidditch Pitch,Fred Weasley,Oliver Wood,1,,0,,,,,,,,,,,,,,,,,
Harry Potter & the Sorcerer's Stone,11,185,Quidditch Pitch,George Weasley,Oliver Wood,1,,0,,,,,,,,,,,,,,,,,
Harry Potter & the Sorcerer's Stone,11,185,Quidditch Pitch,Fred Weasley,Harry Potter,1,,0,,,,,,,,,,,,,,,,,
Harry Potter & the Sorcerer's Stone,11,185,Quidditch Pitch,Madam Hooch,to both teams- Gryffindor & Slytherin,0,,0,,,,,,,,,,,,,,,,,
Harry Potter & the Sorcerer's Stone,11,"185, 186, 188",Quidditch Pitch,Lee Jordan,Professor McGonagall,1,,0,,,,,,,,,,,,,,,,,
Harry Potter & the Sorcerer's Stone,11,"186, 188",Quidditch Pitch,Professor McGonagall,Lee Jordan,0,,0,,,,,,,,,,,,,,,,,
Harry Potter & the Sorcerer's Stone,11,186,Quidditch Pitch,Ron Weasley,Rubeus Hagrid,1,,0,,,,,,,,,,,,,,,,,
Harry Potter & the Sorcerer's Stone,11,"186, 192",Quidditch Pitch,Hermoine Granger,Rubeus Hagrid,0,,0,,,,,,,,,,,,,,,,,
Harry Potter & the Sorcerer's Stone,11,"187, 192",Quidditch Pitch,Rubeus Hagrid,Ron Weasley,1,,0,,,,,,,,,,,,,,,,,
Harry Potter & the Sorcerer's Stone,11,"187, 192",Quidditch Pitch,Ron Weasley,Rubeus Hagrid,1,,0,,,,,,,,,,,,,,,,,
Harry Potter & the Sorcerer's Stone,11,187,Quidditch Pitch,Oliver Wood,Harry Potter,1,,0,,,,,,,,,,,,,,,,,
Harry Potter & the Sorcerer's Stone,11,188,Quidditch Pitch,Dean Thomas,Ron Weasley,1,,0,,,,,,,,,,,,,,,,,
Harry Potter & the Sorcerer's Stone,11,188,Quidditch Pitch,Ron Weasley,Dean Thomas,1,,0,,,,,,,,,,,,,,,,,
Harry Potter & the Sorcerer's Stone,11,190,Quidditch Pitch,Seamus Finnigan,Rubeus Hagrid,1,,0,,,,,,,,,,,,,,,,,
Harry Potter & the Sorcerer's Stone,11,190,Quidditch Pitch,Rubeus Hagrid,Seamus Finnigan,1,,0,,,,,,,,,,,,,,,,,
Harry Potter & the Sorcerer's Stone,11,"190, 191",Quidditch Pitch,Ron Weasley,Hermoine Granger,1,,0,,,,,,,,,,,,,,,,,
Harry Potter & the Sorcerer's Stone,11,190,Quidditch Pitch,Hermoine Granger,Ron Weasley,0,,0,,,,,,,,,,,,,,,,,
Harry Potter & the Sorcerer's Stone,11,191,Quidditch Pitch,Ron Weasley,Neville,1,,0,,,,,,,,,,,,,,,,,
Harry Potter & the Sorcerer's Stone,11,"192, 193",Quidditch Pitch,Harry Potter,Rubeus Hagrid,1,,0,,,,,,,,,,,,,,,,,
Harry Potter & the Sorcerer's Stone,11,193,Quidditch Pitch,Rubeus Hagrid,Hermoine Granger,1,,0,,,,,,,,,,,,,,,,,
Harry Potter & the Sorcerer's Stone,12,"194, 195",Professor Snape's classroom,Draco Malfoy,Harry Potter,1,,0,,,,,,,,,,,,,,,,,
Harry Potter & the Sorcerer's Stone,12,195,Corridor,Ron Weasley,Rubeus Hagrid,1,,0,,,,,,,,,,,,,,,,,
Harry Potter & the Sorcerer's Stone,12,"195, 196",Corridor,Rubeus Hagrid,Ron Weasley,1,,0,,,,,,,,,,,,,,,,,
Harry Potter & the Sorcerer's Stone,12,195,Corridor,Draco Malfoy,Harry Potter,1,,0,,,,,,,,,,,,,,,,,
Harry Potter & the Sorcerer's Stone,12,196,Corridor,Draco Malfoy,Ron Weasley,1,,0,,,,,,,,,,,,,,,,,
Harry Potter & the Sorcerer's Stone,12,196,Corridor,Snape,Ron Weasley,1,,0,,,,,,,,,,,,,,,,,
Harry Potter & the Sorcerer's Stone,12,196,Corridor,Rubeus Hagrid,Snape,1,,0,,,,,,,,,,,,,,,,,
Harry Potter & the Sorcerer's Stone,12,196,Corridor,Ron Weasley,Draco Malfoy,1,,0,,,,,,,,,,,,,,,,,
Harry Potter & the Sorcerer's Stone,12,"196, 1297",Corridor,Harry Potter,Rubeus Hagrid,1,,0,,,,,,,,,,,,,,,,,
Harry Potter & the Sorcerer's Stone,12,"196, 197",Corridor,Rubeus Hagrid,Harry Potter,1,,0,,,,,,,,,,,,,,,,,
Harry Potter & the Sorcerer's Stone,12,"196, 197",Corridor,Rubeus Hagrid,Hermoine Granger,1,,0,,,,,,,,,,,,,,,,,
Harry Potter & the Sorcerer's Stone,12,197,Corridor,Hermoine Granger,Rubeus Hagrid,0,,0,,,,,,,,,,,,,,,,,
Harry Potter & the Sorcerer's Stone,12,197,Corridor,Hermoine Granger,Harry Potter,0,,0,,,,,,,,,,,,,,,,,
Harry Potter & the Sorcerer's Stone,12,197,Corridor,Hermoine Granger,Ron Weasley,0,,0,,,,,,,,,,,,,,,,,
Harry Potter & the Sorcerer's Stone,12,197,Corridor,Ron Weasley,Hermoine Granger,1,,0,,,,,,,,,,,,,,,,,
Harry Potter & the Sorcerer's Stone,12,198,Restricted Section - Library,Harry Potter,Madam Pince,1,,0,,,,,,,,,,,,,,,,,
Harry Potter & the Sorcerer's Stone,12,198,Restricted Section - Library,Madam Pince,Harry Potter,0,,0,,,,,,,,,,,,,,,,,
Harry Potter & the Sorcerer's Stone,12,199,Great Hall,Hermoine Granger,Harry Potter,0,,0,,,,,,,,,,,,,,,,,
Harry Potter & the Sorcerer's Stone,12,199,Great Hall,Ron Weasley,Hermoine Granger,1,,0,,,,,,,,,,,,,,,,,
Harry Potter & the Sorcerer's Stone,12,199,Great Hall,Hermoine Granger,Ron Weasley,0,,0,,,,,,,,,,,,,,,,,
Harry Potter & the Sorcerer's Stone,12,"200, 201, 202",Gryffindor tower,Ron Weasley,Harry Potter,1,,0,,,,,,,,,,,,,,,,,
Harry Potter & the Sorcerer's Stone,12,"200, 201, 202",Gryffindor tower,Harry Potter,Ron Weasley,1,,0,,,,,,,,,,,,,,,,,
Harry Potter & the Sorcerer's Stone,12,202,Gryffindor tower,Fred Weasley,Harry Potter,1,,0,,,,,,,,,,,,,,,,,
Harry Potter & the Sorcerer's Stone,12,202,Gryffindor tower,George Weasley,Harry Potter,1,,0,,,,,,,,,,,,,,,,,
Harry Potter & the Sorcerer's Stone,12,202,Gryffindor tower,Fred Weasley,Ron Weasley,1,,0,,,,,,,,,,,,,,,,,
Harry Potter & the Sorcerer's Stone,12,202,Gryffindor tower,George Weasley,Ron Weasley,1,,0,,,,,,,,,,,,,,,,,
Harry Potter & the Sorcerer's Stone,12,202,Gryffindor tower,Ron Weasley,George Weasley,1,,0,,,,,,,,,,,,,,,,,
Harry Potter & the Sorcerer's Stone,12,203,Gryffindor tower,Percy Weasley,Fred Weasley,1,,0,,,,,,,,,,,,,,,,,
Harry Potter & the Sorcerer's Stone,12,203,Gryffindor tower,Fred Weasley,Percy Weasley,1,,0,,,,,,,,,,,,,,,,,
Harry Potter & the Sorcerer's Stone,12,203,Gryffindor tower,George Weasley,Percy Weasley,1,,0,,,,,,,,,,,,,,,,,
Harry Potter & the Sorcerer's Stone,12,207,Gryffindor tower,Filch,Snape,1,,0,,,,,,,,,,,,,,,,,
Harry Potter & the Sorcerer's Stone,12,207,Gryffindor tower,Snape,Filch,1,,0,,,,,,,,,,,,,,,,,
Harry Potter & the Sorcerer's Stone,12,209,the mirror of erised,Harry Potter,Parents,1,,0,,reflection,,,,,,,,,,,,,,,
Harry Potter & the Sorcerer's Stone,12,"209, 210",Gryffindor's tower ,Harry Potter,Ron Weasley,1,,0,,,,,,,,,,,,,,,,,
Harry Potter & the Sorcerer's Stone,12,"209, 210",Gryffindor's tower ,Ron Weasley,Harry Potter,1,,0,,,,,,,,,,,,,,,,,
Harry Potter & the Sorcerer's Stone,12,"210, 211",library,Harry Potter,Ron Weasley,1,,0,,,,,,,,,,,,,,,,,
Harry Potter & the Sorcerer's Stone,12,"210, 211",library,Ron Weasley,Harry Potter,1,,0,,,,,,,,,,,,,,,,,
Harry Potter & the Sorcerer's Stone,12,212,Gryffindor's tower ,Harry Potter,Ron Weasley,1,,0,,,,,,,,,,,,,,,,,
Harry Potter & the Sorcerer's Stone,12,212,Gryffindor's tower ,Ron Weasley,Harry Potter,1,,0,,,,,,,,,,,,,,,,,
Harry Potter & the Sorcerer's Stone,12,"212, 213, 214",Library,Albus Dumbledore,Harry Potter,1,,0,,,,,,,,,,,,,,,,,
Harry Potter & the Sorcerer's Stone,12,"212, 213, 214",Library,Harry Potter,Albus Dumbledore,1,,0,,,,,,,,,,,,,,,,,
Harry Potter & the Sorcerer's Stone,13,215,Gryffindor's tower ,Ron Weasley,Harry Potter,1,,0,,,,,,,,,,,,,,,,,
Harry Potter & the Sorcerer's Stone,13,216,Grounds,Oliver Wood,George Weasley,1,,0,,,,,,,,,,,,,,,,,
Harry Potter & the Sorcerer's Stone,13,216,Grounds,George Weasley,Oliver Wood,1,,0,,,,,,,,,,,,,,,,,
Harry Potter & the Sorcerer's Stone,13,"217, 219, 220",Gryffindor common Room,Ron Weasley,Hermoine Granger,1,,0,,,,,,,,,,,,,,,,,
Harry Potter & the Sorcerer's Stone,13,217,Gryffindor common Room,Ron Weasley,Harry Potter,1,,0,,,,,,,,,,,,,,,,,
Harry Potter & the Sorcerer's Stone,13,"217, 219, 220",Gryffindor common Room,Hermoine Granger,Harry Potter,0,,0,,,,,,,,,,,,,,,,,
Harry Potter & the Sorcerer's Stone,13,"217, 218, 219, 220",Gryffindor common Room,Harry Potter,Hermoine Granger,1,,0,,,,,,,,,,,,,,,,,
Harry Potter & the Sorcerer's Stone,13,"217, 218",Gryffindor common Room,Harry Potter,Ron Weasley,1,,0,,,,,,,,,,,,,,,,,
Harry Potter & the Sorcerer's Stone,13,218,Gryffindor common Room,Hermoine Granger,Neville,0,,0,,,,,,,,,,,,,,,,,
Harry Potter & the Sorcerer's Stone,13,218,Gryffindor common Room,Neville,Hermoine Granger,1,,0,,,,,,,,,,,,,,,,,
Harry Potter & the Sorcerer's Stone,13,218,Gryffindor common Room,Harry Potter,Neville,1,,0,,,,,,,,,,,,,,,,,
Harry Potter & the Sorcerer's Stone,13,218,Gryffindor common Room,Ron Weasley,Neville,1,,0,,,,,,,,,,,,,,,,,
Harry Potter & the Sorcerer's Stone,13,218,Gryffindor common Room,Neville,Ron Weasley,1,,0,,,,,,,,,,,,,,,,,
Harry Potter & the Sorcerer's Stone,13,220,Gryffindor common Room,Hermoine Granger,Ron Weasley,0,,0,,,,,,,,,,,,,,,,,
Harry Potter & the Sorcerer's Stone,13,221,Defense Against the Dark Arts classroom,Harry Potter,Hermoine Granger,1,,0,,,,,,,,,,,,,,,,,
Harry Potter & the Sorcerer's Stone,13,221,Defense Against the Dark Arts classroom,Harry Potter,Ron Weasley,1,,0,,,,,,,,,,,,,,,,,
Harry Potter & the Sorcerer's Stone,13,221,Defense Against the Dark Arts classroom,Hermoine Granger,Harry Potter,0,,0,,,,,,,,,,,,,,,,,
Harry Potter & the Sorcerer's Stone,13,"222, 223, 224",Grounds,Hermoine Granger,Ron Weasley,0,,0,,,,,,,,,,,,,,,,,
Harry Potter & the Sorcerer's Stone,13,222,Grounds,Ron Weasley,Hermoine Granger,1,,0,,,,,,,,,,,,,,,,,
Harry Potter & the Sorcerer's Stone,13,222,locker room,Oliver Wood,Harry Potter,1,,0,,,,,,,,,,,,,,,,,
Harry Potter & the Sorcerer's Stone,13,222,locker room,Fred Weasley,Harry Potter,1,,0,,,,,,,,,,,,,,,,,
Harry Potter & the Sorcerer's Stone,13,222,locker room,Harry Potter,Fred Weasley,1,,0,,,,,,,,,,,,,,,,,
Harry Potter & the Sorcerer's Stone,13,223,Grounds,Draco Malfoy,Ron Weasley,1,,0,,,,,,,,,,,,,,,,,
Harry Potter & the Sorcerer's Stone,13,223,Grounds,Draco Malfoy,Neville,1,,0,,,,,,,,,,,,,,,,,
Harry Potter & the Sorcerer's Stone,13,223,Grounds,Neville,Draco Malfoy,1,,0,,,,,,,,,,,,,,,,,
Harry Potter & the Sorcerer's Stone,13,223,Grounds,Albus Dumbledore,Harry Potter,1,,0,,,,,,,,,,,,,,,,,
Harry Potter & the Sorcerer's Stone,13,226,Shadowy clearing near grounds?,Professor Quirrell,Snape,1,,0,,,,,,,,,,,,,,,,,
Harry Potter & the Sorcerer's Stone,13,226,Shadowy clearing near grounds?,Snape,Professor Quirrell,1,,0,,,,,,,,,,,,,,,,,
Harry Potter & the Sorcerer's Stone,13,227,Common ,Hermoine Granger,Harry Potter,0,,0,,,,,,,,,,,,,,,,,
Harry Potter & the Sorcerer's Stone,13,227,Common ,Ron Weasley,Harry Potter,1,,0,,,,,,,,,,,,,,,,,
Harry Potter & the Sorcerer's Stone,13,227,Common ,Harry Potter,Ron Weasley,1,,0,,,,,,,,,,,,,,,,,
Harry Potter & the Sorcerer's Stone,13,227,Common ,Harry Potter,Hermoine Granger,1,,0,,,,,,,,,,,,,,,,,
,,,,,,,,,,,,,,,,,,,,,,,,,
,,,,,,,,,,,,,,,,,,,,,,,,,
,,,,,,,,,,,,,,,,,,,,,,,,,
,,,,,,,,,,,,,,,,,,,,,,,,,
,,,,,,,,,,,,,,,,,,,,,,,,,
,,,,,,,,,,,,,,,,,,,,,,,,,
,,,,,,,,,,,,,,,,,,,,,,,,,
,,,,,,,,,,,,,,,,,,,,,,,,,
,,,,,,,,,,,,,,,,,,,,,,,,,
,,,,,,,,,,,,,,,,,,,,,,,,,
,,,,,,,,,,,,,,,,,,,,,,,,,
,,,,,,,,,,,,,,,,,,,,,,,,,
,,,,,,,,,,,,,,,,,,,,,,,,,
,,,,,,,,,,,,,,,,,,,,,,,,,
,,,,,,,,,,,,,,,,,,,,,,,,,
,,,,,,,,,,,,,,,,,,,,,,,,,
,,,,,,,,,,,,,,,,,,,,,,,,,
,,,,,,,,,,,,,,,,,,,,,,,,,
,,,,,,,,,,,,,,,,,,,,,,,,,
,,,,,,,,,,,,,,,,,,,,,,,,,
,,,,,,,,,,,,,,,,,,,,,,,,,
,,,,,,,,,,,,,,,,,,,,,,,,,
,,,,,,,,,,,,,,,,,,,,,,,,,
,,,,,,,,,,,,,,,,,,,,,,,,,
,,,,,,,,,,,,,,,,,,,,,,,,,
,,,,,,,,,,,,,,,,,,,,,,,,,
,,,,,,,,,,,,,,,,,,,,,,,,,
,,,,,,,,,,,,,,,,,,,,,,,,,
,,,,,,,,,,,,,,,,,,,,,,,,,
,,,,,,,,,,,,,,,,,,,,,,,,,
,,,,,,,,,,,,,,,,,,,,,,,,,
,,,,,,,,,,,,,,,,,,,,,,,,,
,,,,,,,,,,,,,,,,,,,,,,,,,
,,,,,,,,,,,,,,,,,,,,,,,,,
,,,,,,,,,,,,,,,,,,,,,,,,,
,,,,,,,,,,,,,,,,,,,,,,,,,
,,,,,,,,,,,,,,,,,,,,,,,,,
,,,,,,,,,,,,,,,,,,,,,,,,,
,,,,,,,,,,,,,,,,,,,,,,,,,
,,,,,,,,,,,,,,,,,,,,,,,,,
,,,,,,,,,,,,,,,,,,,,,,,,,
,,,,,,,,,,,,,,,,,,,,,,,,,
,,,,,,,,,,,,,,,,,,,,,,,,,
,,,,,,,,,,,,,,,,,,,,,,,,,
,,,,,,,,,,,,,,,,,,,,,,,,,
,,,,,,,,,,,,,,,,,,,,,,,,,
,,,,,,,,,,,,,,,,,,,,,,,,,
,,,,,,,,,,,,,,,,,,,,,,,,,
,,,,,,,,,,,,,,,,,,,,,,,,,
,,,,,,,,,,,,,,,,,,,,,,,,,
,,,,,,,,,,,,,,,,,,,,,,,,,
,,,,,,,,,,,,,,,,,,,,,,,,,
,,,,,,,,,,,,,,,,,,,,,,,,,
,,,,,,,,,,,,,,,,,,,,,,,,,
,,,,,,,,,,,,,,,,,,,,,,,,,
,,,,,,,,,,,,,,,,,,,,,,,,,
,,,,,,,,,,,,,,,,,,,,,,,,,
,,,,,,,,,,,,,,,,,,,,,,,,,
,,,,,,,,,,,,,,,,,,,,,,,,,
,,,,,,,,,,,,,,,,,,,,,,,,,
,,,,,,,,,,,,,,,,,,,,,,,,,
,,,,,,,,,,,,,,,,,,,,,,,,,
,,,,,,,,,,,,,,,,,,,,,,,,,
,,,,,,,,,,,,,,,,,,,,,,,,,
,,,,,,,,,,,,,,,,,,,,,,,,,
,,,,,,,,,,,,,,,,,,,,,,,,,
,,,,,,,,,,,,,,,,,,,,,,,,,
,,,,,,,,,,,,,,,,,,,,,,,,,
,,,,,,,,,,,,,,,,,,,,,,,,,
,,,,,,,,,,,,,,,,,,,,,,,,,
,,,,,,,,,,,,,,,,,,,,,,,,,
,,,,,,,,,,,,,,,,,,,,,,,,,
,,,,,,,,,,,,,,,,,,,,,,,,,
,,,,,,,,,,,,,,,,,,,,,,,,,
,,,,,,,,,,,,,,,,,,,,,,,,,
,,,,,,,,,,,,,,,,,,,,,,,,,
,,,,,,,,,,,,,,,,,,,,,,,,,
,,,,,,,,,,,,,,,,,,,,,,,,,
,,,,,,,,,,,,,,,,,,,,,,,,,
,,,,,,,,,,,,,,,,,,,,,,,,,
,,,,,,,,,,,,,,,,,,,,,,,,,
,,,,,,,,,,,,,,,,,,,,,,,,,
,,,,,,,,,,,,,,,,,,,,,,,,,
,,,,,,,,,,,,,,,,,,,,,,,,,
,,,,,,,,,,,,,,,,,,,,,,,,,
,,,,,,,,,,,,,,,,,,,,,,,,,
,,,,,,,,,,,,,,,,,,,,,,,,,
,,,,,,,,,,,,,,,,,,,,,,,,,
,,,,,,,,,,,,,,,,,,,,,,,,,
,,,,,,,,,,,,,,,,,,,,,,,,,
,,,,,,,,,,,,,,,,,,,,,,,,,
,,,,,,,,,,,,,,,,,,,,,,,,,
,,,,,,,,,,,,,,,,,,,,,,,,,
,,,,,,,,,,,,,,,,,,,,,,,,,
,,,,,,,,,,,,,,,,,,,,,,,,,
,,,,,,,,,,,,,,,,,,,,,,,,,
,,,,,,,,,,,,,,,,,,,,,,,,,
,,,,,,,,,,,,,,,,,,,,,,,,,
,,,,,,,,,,,,,,,,,,,,,,,,,
,,,,,,,,,,,,,,,,,,,,,,,,,
,,,,,,,,,,,,,,,,,,,,,,,,,
,,,,,,,,,,,,,,,,,,,,,,,,,
,,,,,,,,,,,,,,,,,,,,,,,,,
,,,,,,,,,,,,,,,,,,,,,,,,,
,,,,,,,,,,,,,,,,,,,,,,,,,
,,,,,,,,,,,,,,,,,,,,,,,,,
,,,,,,,,,,,,,,,,,,,,,,,,,
,,,,,,,,,,,,,,,,,,,,,,,,,
,,,,,,,,,,,,,,,,,,,,,,,,,
,,,,,,,,,,,,,,,,,,,,,,,,,
,,,,,,,,,,,,,,,,,,,,,,,,,
,,,,,,,,,,,,,,,,,,,,,,,,,
,,,,,,,,,,,,,,,,,,,,,,,,,
,,,,,,,,,,,,,,,,,,,,,,,,,
,,,,,,,,,,,,,,,,,,,,,,,,,
,,,,,,,,,,,,,,,,,,,,,,,,,
,,,,,,,,,,,,,,,,,,,,,,,,,
,,,,,,,,,,,,,,,,,,,,,,,,,
,,,,,,,,,,,,,,,,,,,,,,,,,
,,,,,,,,,,,,,,,,,,,,,,,,,
,,,,,,,,,,,,,,,,,,,,,,,,,
,,,,,,,,,,,,,,,,,,,,,,,,,
,,,,,,,,,,,,,,,,,,,,,,,,,
,,,,,,,,,,,,,,,,,,,,,,,,,
,,,,,,,,,,,,,,,,,,,,,,,,,
,,,,,,,,,,,,,,,,,,,,,,,,,
,,,,,,,,,,,,,,,,,,,,,,,,,
,,,,,,,,,,,,,,,,,,,,,,,,,
,,,,,,,,,,,,,,,,,,,,,,,,,
,,,,,,,,,,,,,,,,,,,,,,,,,
,,,,,,,,,,,,,,,,,,,,,,,,,
,,,,,,,,,,,,,,,,,,,,,,,,,
,,,,,,,,,,,,,,,,,,,,,,,,,
,,,,,,,,,,,,,,,,,,,,,,,,,
,,,,,,,,,,,,,,,,,,,,,,,,,
,,,,,,,,,,,,,,,,,,,,,,,,,
,,,,,,,,,,,,,,,,,,,,,,,,,
,,,,,,,,,,,,,,,,,,,,,,,,,
,,,,,,,,,,,,,,,,,,,,,,,,,
,,,,,,,,,,,,,,,,,,,,,,,,,
,,,,,,,,,,,,,,,,,,,,,,,,,
,,,,,,,,,,,,,,,,,,,,,,,,,
,,,,,,,,,,,,,,,,,,,,,,,,,
,,,,,,,,,,,,,,,,,,,,,,,,,
,,,,,,,,,,,,,,,,,,,,,,,,,
,,,,,,,,,,,,,,,,,,,,,,,,,
,,,,,,,,,,,,,,,,,,,,,,,,,
,,,,,,,,,,,,,,,,,,,,,,,,,
,,,,,,,,,,,,,,,,,,,,,,,,,
,,,,,,,,,,,,,,,,,,,,,,,,,
,,,,,,,,,,,,,,,,,,,,,,,,,
,,,,,,,,,,,,,,,,,,,,,,,,,
,,,,,,,,,,,,,,,,,,,,,,,,,
,,,,,,,,,,,,,,,,,,,,,,,,,
,,,,,,,,,,,,,,,,,,,,,,,,,
,,,,,,,,,,,,,,,,,,,,,,,,,
,,,,,,,,,,,,,,,,,,,,,,,,,
,,,,,,,,,,,,,,,,,,,,,,,,,
,,,,,,,,,,,,,,,,,,,,,,,,,
,,,,,,,,,,,,,,,,,,,,,,,,,
,,,,,,,,,,,,,,,,,,,,,,,,,
,,,,,,,,,,,,,,,,,,,,,,,,,
,,,,,,,,,,,,,,,,,,,,,,,,,
,,,,,,,,,,,,,,,,,,,,,,,,,
,,,,,,,,,,,,,,,,,,,,,,,,,
,,,,,,,,,,,,,,,,,,,,,,,,,
,,,,,,,,,,,,,,,,,,,,,,,,,
,,,,,,,,,,,,,,,,,,,,,,,,,
,,,,,,,,,,,,,,,,,,,,,,,,,
,,,,,,,,,,,,,,,,,,,,,,,,,
,,,,,,,,,,,,,,,,,,,,,,,,,
,,,,,,,,,,,,,,,,,,,,,,,,,
,,,,,,,,,,,,,,,,,,,,,,,,,
,,,,,,,,,,,,,,,,,,,,,,,,,
,,,,,,,,,,,,,,,,,,,,,,,,,
,,,,,,,,,,,,,,,,,,,,,,,,,
,,,,,,,,,,,,,,,,,,,,,,,,,
,,,,,,,,,,,,,,,,,,,,,,,,,
,,,,,,,,,,,,,,,,,,,,,,,,,
,,,,,,,,,,,,,,,,,,,,,,,,,
,,,,,,,,,,,,,,,,,,,,,,,,,
,,,,,,,,,,,,,,,,,,,,,,,,,
,,,,,,,,,,,,,,,,,,,,,,,,,
,,,,,,,,,,,,,,,,,,,,,,,,,
,,,,,,,,,,,,,,,,,,,,,,,,,
,,,,,,,,,,,,,,,,,,,,,,,,,
,,,,,,,,,,,,,,,,,,,,,,,,,
,,,,,,,,,,,,,,,,,,,,,,,,,
,,,,,,,,,,,,,,,,,,,,,,,,,
,,,,,,,,,,,,,,,,,,,,,,,,,
,,,,,,,,,,,,,,,,,,,,,,,,,
,,,,,,,,,,,,,,,,,,,,,,,,,
,,,,,,,,,,,,,,,,,,,,,,,,,
,,,,,,,,,,,,,,,,,,,,,,,,,
,,,,,,,,,,,,,,,,,,,,,,,,,
,,,,,,,,,,,,,,,,,,,,,,,,,
,,,,,,,,,,,,,,,,,,,,,,,,,
,,,,,,,,,,,,,,,,,,,,,,,,,
,,,,,,,,,,,,,,,,,,,,,,,,,
,,,,,,,,,,,,,,,,,,,,,,,,,
,,,,,,,,,,,,,,,,,,,,,,,,,
,,,,,,,,,,,,,,,,,,,,,,,,,
,,,,,,,,,,,,,,,,,,,,,,,,,
,,,,,,,,,,,,,,,,,,,,,,,,,
,,,,,,,,,,,,,,,,,,,,,,,,,
,,,,,,,,,,,,,,,,,,,,,,,,,
,,,,,,,,,,,,,,,,,,,,,,,,,
,,,,,,,,,,,,,,,,,,,,,,,,,
,,,,,,,,,,,,,,,,,,,,,,,,,
,,,,,,,,,,,,,,,,,,,,,,,,,
,,,,,,,,,,,,,,,,,,,,,,,,,
,,,,,,,,,,,,,,,,,,,,,,,,,
,,,,,,,,,,,,,,,,,,,,,,,,,
,,,,,,,,,,,,,,,,,,,,,,,,,
,,,,,,,,,,,,,,,,,,,,,,,,,
,,,,,,,,,,,,,,,,,,,,,,,,,
,,,,,,,,,,,,,,,,,,,,,,,,,
,,,,,,,,,,,,,,,,,,,,,,,,,
,,,,,,,,,,,,,,,,,,,,,,,,,
,,,,,,,,,,,,,,,,,,,,,,,,,
,,,,,,,,,,,,,,,,,,,,,,,,,
,,,,,,,,,,,,,,,,,,,,,,,,,
,,,,,,,,,,,,,,,,,,,,,,,,,
,,,,,,,,,,,,,,,,,,,,,,,,,
,,,,,,,,,,,,,,,,,,,,,,,,,
,,,,,,,,,,,,,,,,,,,,,,,,,
,,,,,,,,,,,,,,,,,,,,,,,,,
,,,,,,,,,,,,,,,,,,,,,,,,,
,,,,,,,,,,,,,,,,,,,,,,,,,
,,,,,,,,,,,,,,,,,,,,,,,,,
,,,,,,,,,,,,,,,,,,,,,,,,,
,,,,,,,,,,,,,,,,,,,,,,,,,
,,,,,,,,,,,,,,,,,,,,,,,,,
,,,,,,,,,,,,,,,,,,,,,,,,,
,,,,,,,,,,,,,,,,,,,,,,,,,
,,,,,,,,,,,,,,,,,,,,,,,,,
,,,,,,,,,,,,,,,,,,,,,,,,,
,,,,,,,,,,,,,,,,,,,,,,,,,
,,,,,,,,,,,,,,,,,,,,,,,,,
,,,,,,,,,,,,,,,,,,,,,,,,,
,,,,,,,,,,,,,,,,,,,,,,,,,
,,,,,,,,,,,,,,,,,,,,,,,,,
,,,,,,,,,,,,,,,,,,,,,,,,,
,,,,,,,,,,,,,,,,,,,,,,,,,
,,,,,,,,,,,,,,,,,,,,,,,,,
,,,,,,,,,,,,,,,,,,,,,,,,,
,,,,,,,,,,,,,,,,,,,,,,,,,
,,,,,,,,,,,,,,,,,,,,,,,,,
,,,,,,,,,,,,,,,,,,,,,,,,,
,,,,,,,,,,,,,,,,,,,,,,,,,
,,,,,,,,,,,,,,,,,,,,,,,,,
,,,,,,,,,,,,,,,,,,,,,,,,,
,,,,,,,,,,,,,,,,,,,,,,,,,
,,,,,,,,,,,,,,,,,,,,,,,,,
,,,,,,,,,,,,,,,,,,,,,,,,,
,,,,,,,,,,,,,,,,,,,,,,,,,
,,,,,,,,,,,,,,,,,,,,,,,,,
,,,,,,,,,,,,,,,,,,,,,,,,,
,,,,,,,,,,,,,,,,,,,,,,,,,
,,,,,,,,,,,,,,,,,,,,,,,,,
,,,,,,,,,,,,,,,,,,,,,,,,,
,,,,,,,,,,,,,,,,,,,,,,,,,
,,,,,,,,,,,,,,,,,,,,,,,,,
,,,,,,,,,,,,,,,,,,,,,,,,,
,,,,,,,,,,,,,,,,,,,,,,,,,
,,,,,,,,,,,,,,,,,,,,,,,,,
,,,,,,,,,,,,,,,,,,,,,,,,,
,,,,,,,,,,,,,,,,,,,,,,,,,
,,,,,,,,,,,,,,,,,,,,,,,,,
,,,,,,,,,,,,,,,,,,,,,,,,,
,,,,,,,,,,,,,,,,,,,,,,,,,
,,,,,,,,,,,,,,,,,,,,,,,,,
,,,,,,,,,,,,,,,,,,,,,,,,,
,,,,,,,,,,,,,,,,,,,,,,,,,
,,,,,,,,,,,,,,,,,,,,,,,,,
,,,,,,,,,,,,,,,,,,,,,,,,,
,,,,,,,,,,,,,,,,,,,,,,,,,
,,,,,,,,,,,,,,,,,,,,,,,,,
,,,,,,,,,,,,,,,,,,,,,,,,,
,,,,,,,,,,,,,,,,,,,,,,,,,
,,,,,,,,,,,,,,,,,,,,,,,,,
,,,,,,,,,,,,,,,,,,,,,,,,,
,,,,,,,,,,,,,,,,,,,,,,,,,
,,,,,,,,,,,,,,,,,,,,,,,,,
,,,,,,,,,,,,,,,,,,,,,,,,,
,,,,,,,,,,,,,,,,,,,,,,,,,
,,,,,,,,,,,,,,,,,,,,,,,,,
,,,,,,,,,,,,,,,,,,,,,,,,,
,,,,,,,,,,,,,,,,,,,,,,,,,
,,,,,,,,,,,,,,,,,,,,,,,,,
,,,,,,,,,,,,,,,,,,,,,,,,,
,,,,,,,,,,,,,,,,,,,,,,,,,
,,,,,,,,,,,,,,,,,,,,,,,,,
,,,,,,,,,,,,,,,,,,,,,,,,,
,,,,,,,,,,,,,,,,,,,,,,,,,
,,,,,,,,,,,,,,,,,,,,,,,,,
,,,,,,,,,,,,,,,,,,,,,,,,,
,,,,,,,,,,,,,,,,,,,,,,,,,
,,,,,,,,,,,,,,,,,,,,,,,,,
,,,,,,,,,,,,,,,,,,,,,,,,,
,,,,,,,,,,,,,,,,,,,,,,,,,
,,,,,,,,,,,,,,,,,,,,,,,,,
,,,,,,,,,,,,,,,,,,,,,,,,,
,,,,,,,,,,,,,,,,,,,,,,,,,
,,,,,,,,,,,,,,,,,,,,,,,,,
,,,,,,,,,,,,,,,,,,,,,,,,,
,,,,,,,,,,,,,,,,,,,,,,,,,
,,,,,,,,,,,,,,,,,,,,,,,,,
,,,,,,,,,,,,,,,,,,,,,,,,,
,,,,,,,,,,,,,,,,,,,,,,,,,
,,,,,,,,,,,,,,,,,,,,,,,,,
,,,,,,,,,,,,,,,,,,,,,,,,,
,,,,,,,,,,,,,,,,,,,,,,,,,
,,,,,,,,,,,,,,,,,,,,,,,,,
,,,,,,,,,,,,,,,,,,,,,,,,,
,,,,,,,,,,,,,,,,,,,,,,,,,
,,,,,,,,,,,,,,,,,,,,,,,,,
,,,,,,,,,,,,,,,,,,,,,,,,,
,,,,,,,,,,,,,,,,,,,,,,,,,
,,,,,,,,,,,,,,,,,,,,,,,,,
,,,,,,,,,,,,,,,,,,,,,,,,,
,,,,,,,,,,,,,,,,,,,,,,,,,
,,,,,,,,,,,,,,,,,,,,,,,,,
,,,,,,,,,,,,,,,,,,,,,,,,,
,,,,,,,,,,,,,,,,,,,,,,,,,
,,,,,,,,,,,,,,,,,,,,,,,,,
,,,,,,,,,,,,,,,,,,,,,,,,,
,,,,,,,,,,,,,,,,,,,,,,,,,
,,,,,,,,,,,,,,,,,,,,,,,,,
,,,,,,,,,,,,,,,,,,,,,,,,,
,,,,,,,,,,,,,,,,,,,,,,,,,
,,,,,,,,,,,,,,,,,,,,,,,,,
,,,,,,,,,,,,,,,,,,,,,,,,,
,,,,,,,,,,,,,,,,,,,,,,,,,
,,,,,,,,,,,,,,,,,,,,,,,,,
,,,,,,,,,,,,,,,,,,,,,,,,,
,,,,,,,,,,,,,,,,,,,,,,,,,
,,,,,,,,,,,,,,,,,,,,,,,,,
,,,,,,,,,,,,,,,,,,,,,,,,,
,,,,,,,,,,,,,,,,,,,,,,,,,
,,,,,,,,,,,,,,,,,,,,,,,,,
,,,,,,,,,,,,,,,,,,,,,,,,,
,,,,,,,,,,,,,,,,,,,,,,,,,
,,,,,,,,,,,,,,,,,,,,,,,,,
,,,,,,,,,,,,,,,,,,,,,,,,,
,,,,,,,,,,,,,,,,,,,,,,,,,
,,,,,,,,,,,,,,,,,,,,,,,,,
,,,,,,,,,,,,,,,,,,,,,,,,,
,,,,,,,,,,,,,,,,,,,,,,,,,
,,,,,,,,,,,,,,,,,,,,,,,,,
,,,,,,,,,,,,,,,,,,,,,,,,,
,,,,,,,,,,,,,,,,,,,,,,,,,
,,,,,,,,,,,,,,,,,,,,,,,,,
,,,,,,,,,,,,,,,,,,,,,,,,,
,,,,,,,,,,,,,,,,,,,,,,,,,
,,,,,,,,,,,,,,,,,,,,,,,,,
,,,,,,,,,,,,,,,,,,,,,,,,,
,,,,,,,,,,,,,,,,,,,,,,,,,
,,,,,,,,,,,,,,,,,,,,,,,,,
,,,,,,,,,,,,,,,,,,,,,,,,,
,,,,,,,,,,,,,,,,,,,,,,,,,
,,,,,,,,,,,,,,,,,,,,,,,,,
,,,,,,,,,,,,,,,,,,,,,,,,,
,,,,,,,,,,,,,,,,,,,,,,,,,
,,,,,,,,,,,,,,,,,,,,,,,,,
,,,,,,,,,,,,,,,,,,,,,,,,,
,,,,,,,,,,,,,,,,,,,,,,,,,
,,,,,,,,,,,,,,,,,,,,,,,,,
,,,,,,,,,,,,,,,,,,,,,,,,,
,,,,,,,,,,,,,,,,,,,,,,,,,
,,,,,,,,,,,,,,,,,,,,,,,,,
,,,,,,,,,,,,,,,,,,,,,,,,,
,,,,,,,,,,,,,,,,,,,,,,,,,
,,,,,,,,,,,,,,,,,,,,,,,,,
,,,,,,,,,,,,,,,,,,,,,,,,,
,,,,,,,,,,,,,,,,,,,,,,,,,
,,,,,,,,,,,,,,,,,,,,,,,,,
,,,,,,,,,,,,,,,,,,,,,,,,,
,,,,,,,,,,,,,,,,,,,,,,,,,
,,,,,,,,,,,,,,,,,,,,,,,,,
,,,,,,,,,,,,,,,,,,,,,,,,,
,,,,,,,,,,,,,,,,,,,,,,,,,
,,,,,,,,,,,,,,,,,,,,,,,,,
,,,,,,,,,,,,,,,,,,,,,,,,,
,,,,,,,,,,,,,,,,,,,,,,,,,
,,,,,,,,,,,,,,,,,,,,,,,,,
,,,,,,,,,,,,,,,,,,,,,,,,,
,,,,,,,,,,,,,,,,,,,,,,,,,
,,,,,,,,,,,,,,,,,,,,,,,,,
,,,,,,,,,,,,,,,,,,,,,,,,,
,,,,,,,,,,,,,,,,,,,,,,,,,
,,,,,,,,,,,,,,,,,,,,,,,,,
,,,,,,,,,,,,,,,,,,,,,,,,,
,,,,,,,,,,,,,,,,,,,,,,,,,
,,,,,,,,,,,,,,,,,,,,,,,,,
,,,,,,,,,,,,,,,,,,,,,,,,,
,,,,,,,,,,,,,,,,,,,,,,,,,
,,,,,,,,,,,,,,,,,,,,,,,,,
,,,,,,,,,,,,,,,,,,,,,,,,,
,,,,,,,,,,,,,,,,,,,,,,,,,
,,,,,,,,,,,,,,,,,,,,,,,,,
,,,,,,,,,,,,,,,,,,,,,,,,,
,,,,,,,,,,,,,,,,,,,,,,,,,
,,,,,,,,,,,,,,,,,,,,,,,,,
,,,,,,,,,,,,,,,,,,,,,,,,,
,,,,,,,,,,,,,,,,,,,,,,,,,
,,,,,,,,,,,,,,,,,,,,,,,,,
,,,,,,,,,,,,,,,,,,,,,,,,,
,,,,,,,,,,,,,,,,,,,,,,,,,
,,,,,,,,,,,,,,,,,,,,,,,,,
,,,,,,,,,,,,,,,,,,,,,,,,,
,,,,,,,,,,,,,,,,,,,,,,,,,
,,,,,,,,,,,,,,,,,,,,,,,,,
,,,,,,,,,,,,,,,,,,,,,,,,,
,,,,,,,,,,,,,,,,,,,,,,,,,
,,,,,,,,,,,,,,,,,,,,,,,,,
,,,,,,,,,,,,,,,,,,,,,,,,,
,,,,,,,,,,,,,,,,,,,,,,,,,
,,,,,,,,,,,,,,,,,,,,,,,,,
,,,,,,,,,,,,,,,,,,,,,,,,,
,,,,,,,,,,,,,,,,,,,,,,,,,
,,,,,,,,,,,,,,,,,,,,,,,,,
,,,,,,,,,,,,,,,,,,,,,,,,,
,,,,,,,,,,,,,,,,,,,,,,,,,
,,,,,,,,,,,,,,,,,,,,,,,,,
,,,,,,,,,,,,,,,,,,,,,,,,,
,,,,,,,,,,,,,,,,,,,,,,,,,
,,,,,,,,,,,,,,,,,,,,,,,,,
,,,,,,,,,,,,,,,,,,,,,,,,,
,,,,,,,,,,,,,,,,,,,,,,,,,
,,,,,,,,,,,,,,,,,,,,,,,,,
,,,,,,,,,,,,,,,,,,,,,,,,,
,,,,,,,,,,,,,,,,,,,,,,,,,
,,,,,,,,,,,,,,,,,,,,,,,,,
,,,,,,,,,,,,,,,,,,,,,,,,,
,,,,,,,,,,,,,,,,,,,,,,,,,
,,,,,,,,,,,,,,,,,,,,,,,,,
,,,,,,,,,,,,,,,,,,,,,,,,,
,,,,,,,,,,,,,,,,,,,,,,,,,
,,,,,,,,,,,,,,,,,,,,,,,,,
,,,,,,,,,,,,,,,,,,,,,,,,,
,,,,,,,,,,,,,,,,,,,,,,,,,
,,,,,,,,,,,,,,,,,,,,,,,,,
,,,,,,,,,,,,,,,,,,,,,,,,,
,,,,,,,,,,,,,,,,,,,,,,,,,
,,,,,,,,,,,,,,,,,,,,,,,,,
,,,,,,,,,,,,,,,,,,,,,,,,,
,,,,,,,,,,,,,,,,,,,,,,,,,
,,,,,,,,,,,,,,,,,,,,,,,,,
,,,,,,,,,,,,,,,,,,,,,,,,,
,,,,,,,,,,,,,,,,,,,,,,,,,
,,,,,,,,,,,,,,,,,,,,,,,,,
,,,,,,,,,,,,,,,,,,,,,,,,,
,,,,,,,,,,,,,,,,,,,,,,,,,
,,,,,,,,,,,,,,,,,,,,,,,,,
,,,,,,,,,,,,,,,,,,,,,,,,,
,,,,,,,,,,,,,,,,,,,,,,,,,
,,,,,,,,,,,,,,,,,,,,,,,,,
,,,,,,,,,,,,,,,,,,,,,,,,,
,,,,,,,,,,,,,,,,,,,,,,,,,
,,,,,,,,,,,,,,,,,,,,,,,,,
,,,,,,,,,,,,,,,,,,,,,,,,,
,,,,,,,,,,,,,,,,,,,,,,,,,
,,,,,,,,,,,,,,,,,,,,,,,,,
,,,,,,,,,,,,,,,,,,,,,,,,,
,,,,,,,,,,,,,,,,,,,,,,,,,
,,,,,,,,,,,,,,,,,,,,,,,,,
,,,,,,,,,,,,,,,,,,,,,,,,,
,,,,,,,,,,,,,,,,,,,,,,,,,
,,,,,,,,,,,,,,,,,,,,,,,,,
,,,,,,,,,,,,,,,,,,,,,,,,,
,,,,,,,,,,,,,,,,,,,,,,,,,
,,,,,,,,,,,,,,,,,,,,,,,,,
,,,,,,,,,,,,,,,,,,,,,,,,,
,,,,,,,,,,,,,,,,,,,,,,,,,
,,,,,,,,,,,,,,,,,,,,,,,,,
,,,,,,,,,,,,,,,,,,,,,,,,,
,,,,,,,,,,,,,,,,,,,,,,,,,
,,,,,,,,,,,,,,,,,,,,,,,,,
,,,,,,,,,,,,,,,,,,,,,,,,,
,,,,,,,,,,,,,,,,,,,,,,,,,
,,,,,,,,,,,,,,,,,,,,,,,,,
,,,,,,,,,,,,,,,,,,,,,,,,,
,,,,,,,,,,,,,,,,,,,,,,,,,
,,,,,,,,,,,,,,,,,,,,,,,,,
,,,,,,,,,,,,,,,,,,,,,,,,,
,,,,,,,,,,,,,,,,,,,,,,,,,
,,,,,,,,,,,,,,,,,,,,,,,,,
,,,,,,,,,,,,,,,,,,,,,,,,,
,,,,,,,,,,,,,,,,,,,,,,,,,
,,,,,,,,,,,,,,,,,,,,,,,,,
,,,,,,,,,,,,,,,,,,,,,,,,,
,,,,,,,,,,,,,,,,,,,,,,,,,
,,,,,,,,,,,,,,,,,,,,,,,,,
,,,,,,,,,,,,,,,,,,,,,,,,,
,,,,,,,,,,,,,,,,,,,,,,,,,
,,,,,,,,,,,,,,,,,,,,,,,,,
,,,,,,,,,,,,,,,,,,,,,,,,,
,,,,,,,,,,,,,,,,,,,,,,,,,
,,,,,,,,,,,,,,,,,,,,,,,,,
,,,,,,,,,,,,,,,,,,,,,,,,,
,,,,,,,,,,,,,,,,,,,,,,,,,
,,,,,,,,,,,,,,,,,,,,,,,,,
,,,,,,,,,,,,,,,,,,,,,,,,,
,,,,,,,,,,,,,,,,,,,,,,,,,
,,,,,,,,,,,,,,,,,,,,,,,,,
,,,,,,,,,,,,,,,,,,,,,,,,,
,,,,,,,,,,,,,,,,,,,,,,,,,
,,,,,,,,,,,,,,,,,,,,,,,,,
,,,,,,,,,,,,,,,,,,,,,,,,,
,,,,,,,,,,,,,,,,,,,,,,,,,
,,,,,,,,,,,,,,,,,,,,,,,,,
,,,,,,,,,,,,,,,,,,,,,,,,,
,,,,,,,,,,,,,,,,,,,,,,,,,
,,,,,,,,,,,,,,,,,,,,,,,,,
,,,,,,,,,,,,,,,,,,,,,,,,,
,,,,,,,,,,,,,,,,,,,,,,,,,
,,,,,,,,,,,,,,,,,,,,,,,,,
,,,,,,,,,,,,,,,,,,,,,,,,,
,,,,,,,,,,,,,,,,,,,,,,,,,
,,,,,,,,,,,,,,,,,,,,,,,,,
,,,,,,,,,,,,,,,,,,,,,,,,,
,,,,,,,,,,,,,,,,,,,,,,,,,
,,,,,,,,,,,,,,,,,,,,,,,,,
,,,,,,,,,,,,,,,,,,,,,,,,,
,,,,,,,,,,,,,,,,,,,,,,,,,
,,,,,,,,,,,,,,,,,,,,,,,,,
,,,,,,,,,,,,,,,,,,,,,,,,,
,,,,,,,,,,,,,,,,,,,,,,,,,
,,,,,,,,,,,,,,,,,,,,,,,,,
,,,,,,,,,,,,,,,,,,,,,,,,,
,,,,,,,,,,,,,,,,,,,,,,,,,
,,,,,,,,,,,,,,,,,,,,,,,,,
,,,,,,,,,,,,,,,,,,,,,,,,,
,,,,,,,,,,,,,,,,,,,,,,,,,
,,,,,,,,,,,,,,,,,,,,,,,,,
,,,,,,,,,,,,,,,,,,,,,,,,,
,,,,,,,,,,,,,,,,,,,,,,,,,
,,,,,,,,,,,,,,,,,,,,,,,,,
,,,,,,,,,,,,,,,,,,,,,,,,,
,,,,,,,,,,,,,,,,,,,,,,,,,
,,,,,,,,,,,,,,,,,,,,,,,,,
,,,,,,,,,,,,,,,,,,,,,,,,,
,,,,,,,,,,,,,,,,,,,,,,,,,
,,,,,,,,,,,,,,,,,,,,,,,,,
,,,,,,,,,,,,,,,,,,,,,,,,,
,,,,,,,,,,,,,,,,,,,,,,,,,
,,,,,,,,,,,,,,,,,,,,,,,,,
,,,,,,,,,,,,,,,,,,,,,,,,,
,,,,,,,,,,,,,,,,,,,,,,,,,
,,,,,,,,,,,,,,,,,,,,,,,,,
,,,,,,,,,,,,,,,,,,,,,,,,,
,,,,,,,,,,,,,,,,,,,,,,,,,
,,,,,,,,,,,,,,,,,,,,,,,,,
,,,,,,,,,,,,,,,,,,,,,,,,,
,,,,,,,,,,,,,,,,,,,,,,,,,
,,,,,,,,,,,,,,,,,,,,,,,,,
,,,,,,,,,,,,,,,,,,,,,,,,,
,,,,,,,,,,,,,,,,,,,,,,,,,
,,,,,,,,,,,,,,,,,,,,,,,,,
,,,,,,,,,,,,,,,,,,,,,,,,,
,,,,,,,,,,,,,,,,,,,,,,,,,
,,,,,,,,,,,,,,,,,,,,,,,,,
,,,,,,,,,,,,,,,,,,,,,,,,,
,,,,,,,,,,,,,,,,,,,,,,,,,
,,,,,,,,,,,,,,,,,,,,,,,,,
,,,,,,,,,,,,,,,,,,,,,,,,,
,,,,,,,,,,,,,,,,,,,,,,,,,
,,,,,,,,,,,,,,,,,,,,,,,,,
,,,,,,,,,,,,,,,,,,,,,,,,,
,,,,,,,,,,,,,,,,,,,,,,,,,
,,,,,,,,,,,,,,,,,,,,,,,,,
,,,,,,,,,,,,,,,,,,,,,,,,,
,,,,,,,,,,,,,,,,,,,,,,,,,
,,,,,,,,,,,,,,,,,,,,,,,,,
,,,,,,,,,,,,,,,,,,,,,,,,,
,,,,,,,,,,,,,,,,,,,,,,,,,
,,,,,,,,,,,,,,,,,,,,,,,,,
,,,,,,,,,,,,,,,,,,,,,,,,,
,,,,,,,,,,,,,,,,,,,,,,,,,
,,,,,,,,,,,,,,,,,,,,,,,,,
,,,,,,,,,,,,,,,,,,,,,,,,,
,,,,,,,,,,,,,,,,,,,,,,,,,
,,,,,,,,,,,,,,,,,,,,,,,,,
,,,,,,,,,,,,,,,,,,,,,,,,,
,,,,,,,,,,,,,,,,,,,,,,,,,
,,,,,,,,,,,,,,,,,,,,,,,,,
,,,,,,,,,,,,,,,,,,,,,,,,,
,,,,,,,,,,,,,,,,,,,,,,,,,
,,,,,,,,,,,,,,,,,,,,,,,,,
,,,,,,,,,,,,,,,,,,,,,,,,,
,,,,,,,,,,,,,,,,,,,,,,,,,
,,,,,,,,,,,,,,,,,,,,,,,,,
,,,,,,,,,,,,,,,,,,,,,,,,,
,,,,,,,,,,,,,,,,,,,,,,,,,
,,,,,,,,,,,,,,,,,,,,,,,,,
,,,,,,,,,,,,,,,,,,,,,,,,,
,,,,,,,,,,,,,,,,,,,,,,,,,
,,,,,,,,,,,,,,,,,,,,,,,,,
,,,,,,,,,,,,,,,,,,,,,,,,,
,,,,,,,,,,,,,,,,,,,,,,,,,
,,,,,,,,,,,,,,,,,,,,,,,,,
,,,,,,,,,,,,,,,,,,,,,,,,,